,Day_of_week,Age_band_of_driver,Sex_of_driver,Educational_level,Vehicle_driver_relation,Driving_experience,Type_of_vehicle,Owner_of_vehicle,Area_accident_occured,Lanes_or_Medians,Road_allignment,Types_of_Junction,Road_surface_type,Road_surface_conditions,Light_conditions,Weather_conditions,Type_of_collision,Number_of_vehicles_involved,Number_of_casualties,Vehicle_movement,Casualty_class,Sex_of_casualty,Age_band_of_casualty,Casualty_severity,Pedestrian_movement,Cause_of_accident,Accident_severity,Time_Category
2907,Wednesday,18-30,Male,Writing & reading,Employee,Below 1yr,Lorry (41?100Q),Owner,Office areas,Undivided Two way,Tangent road with flat terrain,No junction,Asphalt roads,Dry,Daylight,Normal,Vehicle with vehicle collision,2,4,Going straight,Passenger,Female,31-50,3,Not a Pedestrian,Changing lane to the right,Slight Injury,evening
2908,Friday,Unknown,Male,Elementary school,Employee,1-2yr,Lorry (11?40Q),Owner,Office areas,other,Tangent road with flat terrain,Y Shape,Asphalt roads,Dry,Darkness - lights lit,Normal,Vehicle with vehicle collision,2,1,Going straight,Pedestrian,Male,Under 18,3,Not a Pedestrian,Other,Slight Injury,night
2909,Friday,31-50,Male,Junior high school,Employee,5-10yr,Motorcycle,Owner,Residential areas,Two-way (divided with broken lines road marking),Tangent road with flat terrain,Y Shape,Asphalt roads,Dry,Darkness - lights lit,Normal,Collision with pedestrians,2,1,Going straight,na,na,na,na,Not a Pedestrian,No distancing,Slight Injury,night
2910,Monday,31-50,Male,Junior high school,Employee,1-2yr,Lorry (41?100Q),Owner,Office areas,Two-way (divided with broken lines road marking),Tangent road with flat terrain,Y Shape,Asphalt roads,Dry,Daylight,Normal,Collision with pedestrians,2,1,Other,Driver or rider,Female,18-30,3,Not a Pedestrian,Driving carelessly,Slight Injury,morning
2911,Monday,18-30,Male,Elementary school,Owner,5-10yr,Stationwagen,Owner,Residential areas,Undivided Two way,Tangent road with flat terrain,Y Shape,Asphalt roads,Dry,Daylight,Normal,Vehicle with vehicle collision,2,1,Going straight,Driver or rider,Female,31-50,1,Not a Pedestrian,No distancing,Slight Injury,morning
2912,Sunday,Over 51,Male,Junior high school,Employee,2-5yr,Automobile,Owner,Office areas,Double carriageway (median),Tangent road with flat terrain,Crossing,Asphalt roads,Dry,Daylight,Normal,Vehicle with vehicle collision,2,2,Going straight,na,na,na,na,Not a Pedestrian,Moving Backward,Slight Injury,morning
2913,Sunday,31-50,Male,Junior high school,Owner,Below 1yr,Other,Owner,Office areas,Double carriageway (median),Tangent road with flat terrain,Crossing,Asphalt roads,Dry,Daylight,Normal,Collision with pedestrians,2,2,Going straight,Driver or rider,Male,31-50,2,Not a Pedestrian,No distancing,Slight Injury,morning
2914,Wednesday,31-50,Male,Writing & reading,Employee,5-10yr,Other,Owner,Other,Two-way (divided with broken lines road marking),Tangent road with flat terrain,Y Shape,Asphalt roads,Dry,Daylight,Normal,Collision with pedestrians,2,1,Reversing,Pedestrian,Male,31-50,2,Crossing from nearside - masked by parked or statioNot a Pedestrianry vehicle,Moving Backward,Slight Injury,afternoon
2915,Wednesday,18-30,Male,Writing & reading,Employee,5-10yr,Taxi,Owner,Other,Two-way (divided with broken lines road marking),Tangent road with flat terrain,Y Shape,Asphalt roads,Dry,Daylight,Normal,Collision with pedestrians,2,1,Moving Backward,na,na,na,na,Not a Pedestrian,No priority to pedestrian,Slight Injury,afternoon
2916,Wednesday,18-30,Male,Junior high school,Employee,5-10yr,Automobile,Owner,Residential areas,Two-way (divided with broken lines road marking),Tangent road with flat terrain,Y Shape,Asphalt roads,Dry,Daylight,Normal,Vehicle with vehicle collision,2,1,Going straight,Driver or rider,Male,31-50,3,Not a Pedestrian,Changing lane to the left,Slight Injury,morning
2917,Wednesday,31-50,Female,Junior high school,Employee,2-5yr,Long lorry,Owner, Church areas,Two-way (divided with broken lines road marking),Tangent road with flat terrain,Y Shape,Asphalt roads,Dry,Daylight,Normal,Collision with roadside objects,2,1,Going straight,Pedestrian,Female,18-30,3,Crossing from nearside - masked by parked or statioNot a Pedestrianry vehicle,No distancing,Slight Injury,morning
2918,Monday,31-50,Male,Junior high school,Employee,Above 10yr,Long lorry,Governmental, Church areas,Double carriageway (median),Tangent road with flat terrain,Crossing,Asphalt roads,Dry,Daylight,Normal,Vehicle with vehicle collision,1,1,Reversing,na,na,na,na,Not a Pedestrian,Other,Serious Injury,morning
2919,Tuesday,Unknown,Female,Junior high school,Employee,5-10yr,Lorry (41?100Q),Owner,Residential areas,Double carriageway (median),Tangent road with flat terrain,Y Shape,Asphalt roads,Dry,Darkness - lights lit,Normal,Vehicle with vehicle collision,1,1,Going straight,Passenger,Male,18-30,3,Not a Pedestrian,No distancing,Serious Injury,night
2920,Saturday,31-50,Male,Junior high school,Employee,Above 10yr,Lorry (41?100Q),Owner,Office areas,Two-way (divided with broken lines road marking),Tangent road with mild grade and flat terrain,Y Shape,Asphalt roads,Dry,Daylight,Normal,Collision with roadside objects,2,1,Reversing,Passenger,Female,18-30,3,Not a Pedestrian,No priority to pedestrian,Slight Injury,afternoon
2921,Saturday,Unknown,Female,Junior high school,Employee,2-5yr,Lorry (11?40Q),Owner,Office areas,Two-way (divided with broken lines road marking),Tangent road with mild grade and flat terrain,Y Shape,Asphalt roads,Dry,Daylight,Normal,Vehicle with vehicle collision,2,1,Other,Pedestrian,Male,18-30,3,Not a Pedestrian,Moving Backward,Slight Injury,afternoon
2922,Tuesday,Unknown,Male,Junior high school,Employee,Below 1yr,Automobile,Owner,Residential areas,Two-way (divided with broken lines road marking),Tangent road with flat terrain,Y Shape,Asphalt roads,Dry,Darkness - lights lit,Normal,Vehicle with vehicle collision,2,1,Going straight,na,na,na,na,Not a Pedestrian,No priority to pedestrian,Slight Injury,night
2923,Tuesday,Unknown,Female,Junior high school,Employee,Below 1yr,Taxi,Owner, Church areas,other,Tangent road with flat terrain,Y Shape,Gravel roads,Dry,Darkness - lights lit,Normal,Vehicle with vehicle collision,2,1,Going straight,Driver or rider,Male,Over 51,2,Not a Pedestrian,No distancing,Slight Injury,night
2924,Friday,18-30,Male,Junior high school,Owner,5-10yr,Other,Owner,Other,Two-way (divided with broken lines road marking),Tangent road with flat terrain,Y Shape,Asphalt roads,Dry,Daylight,Normal,Vehicle with vehicle collision,2,1,Going straight,na,na,na,na,Not a Pedestrian,No priority to pedestrian,Serious Injury,evening
2925,Friday,Unknown,Female,Junior high school,Employee,2-5yr,Automobile,Owner,Office areas,Two-way (divided with broken lines road marking),Tangent road with flat terrain,Y Shape,Asphalt roads,Dry,Daylight,Normal,Collision with pedestrians,2,1,Going straight,Driver or rider,Male,31-50,2,Not a Pedestrian,Driving carelessly,Serious Injury,evening
2926,Tuesday,18-30,Male,Elementary school,Employee,Below 1yr,Automobile,Owner,Other,Two-way (divided with broken lines road marking),Tangent road with flat terrain,Y Shape,Asphalt roads,Dry,Daylight,Normal,Rollover,2,1,Going straight,na,na,na,na,Not a Pedestrian,Getting off the vehicle improperly,Slight Injury,evening
2927,Tuesday,Unknown,Male,Junior high school,Employee,2-5yr,Automobile,Owner,Other,Two-way (divided with broken lines road marking),Tangent road with flat terrain,Y Shape,Asphalt roads,Dry,Daylight,Normal,Vehicle with vehicle collision,2,1,Going straight,Driver or rider,Female,31-50,3,Not a Pedestrian,Driving carelessly,Slight Injury,evening
2928,Wednesday,18-30,Male,Junior high school,Employee,5-10yr,Automobile,Owner,Other,Two-way (divided with broken lines road marking),Tangent road with flat terrain,Y Shape,Asphalt roads,Dry,Daylight,Normal,Vehicle with vehicle collision,2,1,Going straight,Driver or rider,Male,18-30,3,Not a Pedestrian,Changing lane to the left,Slight Injury,morning
2929,Wednesday,18-30,Male,High school,Employee,Above 10yr,Public (> 45 seats),Governmental,Residential areas,Two-way (divided with broken lines road marking),Tangent road with flat terrain,Y Shape,Asphalt roads,Dry,Daylight,Normal,Vehicle with vehicle collision,2,1,Going straight,na,na,na,na,Not a Pedestrian,No priority to vehicle,Slight Injury,morning
2930,Monday,Unknown,Female,High school,Employee,Above 10yr,Lorry (11?40Q),Owner, Church areas,Undivided Two way,Tangent road with flat terrain,Y Shape,Asphalt roads,Dry,Daylight,Normal,Collision with roadside objects,2,1,Going straight,na,na,na,na,Not a Pedestrian,Changing lane to the right,Slight Injury,evening
2931,Monday,31-50,Male,Junior high school,Employee,5-10yr,Lorry (41?100Q),Owner,Other,Undivided Two way,Tangent road with flat terrain,Y Shape,Asphalt roads,Dry,Daylight,Normal,Vehicle with vehicle collision,2,1,Going straight,Driver or rider,Female,31-50,2,Not a Pedestrian,Changing lane to the right,Slight Injury,evening
2932,Friday,Unknown,Male,Elementary school,Employee,1-2yr,Lorry (41?100Q),Owner,Other,One way,Tangent road with flat terrain,Y Shape,Asphalt roads,Dry,Daylight,Normal,Rollover,2,1,Going straight,na,na,na,na,Not a Pedestrian,No distancing,Slight Injury,afternoon
2933,Friday,31-50,Male,Elementary school,Employee,5-10yr,Stationwagen,Owner,Residential areas,Two-way (divided with broken lines road marking),Tangent road with flat terrain,Y Shape,Asphalt roads,Dry,Daylight,Normal,Collision with roadside objects,2,1,Going straight,Driver or rider,Male,31-50,3,Not a Pedestrian,No distancing,Slight Injury,afternoon
2934,Thursday,31-50,Male,Junior high school,Employee,5-10yr,Other,Owner,Office areas,One way,Tangent road with flat terrain,Y Shape,Asphalt roads,Dry,Daylight,Normal,Vehicle with vehicle collision,2,1,Going straight,na,na,na,na,Not a Pedestrian,Changing lane to the left,Slight Injury,morning
2935,Thursday,18-30,Male,Junior high school,Employee,1-2yr,Automobile,Owner, Industrial areas,Two-way (divided with broken lines road marking),Tangent road with flat terrain,Y Shape,Asphalt roads,Dry,Daylight,Normal,Vehicle with vehicle collision,2,1,Going straight,Driver or rider,Male,31-50,3,Not a Pedestrian,Changing lane to the right,Slight Injury,morning
2936,Tuesday,31-50,Male,Junior high school,Owner,5-10yr,Pick up upto 10Q,Governmental,Residential areas,Double carriageway (median),Tangent road with flat terrain,Crossing,Asphalt roads,Dry,Darkness - lights lit,Normal,Vehicle with vehicle collision,2,1,Going straight,na,na,na,na,Not a Pedestrian,No priority to vehicle,Slight Injury,night
2937,Tuesday,31-50,Male,High school,Owner,Above 10yr,Motorcycle,Owner,Office areas,Unknown,Tangent road with flat terrain,Crossing,Asphalt roads,Dry,Darkness - lights lit,Normal,Vehicle with vehicle collision,2,1,Going straight,Driver or rider,Male,31-50,3,Not a Pedestrian,Changing lane to the left,Slight Injury,night
2938,Friday,Unknown,Male,Junior high school,Owner,Below 1yr,Automobile,Owner,Other,Two-way (divided with broken lines road marking),Tangent road with flat terrain,Y Shape,Asphalt roads,Dry,Daylight,Normal,Vehicle with vehicle collision,1,1,Moving Backward,na,na,na,na,Not a Pedestrian,No priority to vehicle,Serious Injury,morning
2939,Friday,18-30,Male,Writing & reading,Owner,5-10yr,Pick up upto 10Q,Owner, Church areas,other,Tangent road with flat terrain,Y Shape,Asphalt roads,Dry,Daylight,Normal,Vehicle with vehicle collision,1,1,Going straight,Driver or rider,Male,31-50,3,Not a Pedestrian,Moving Backward,Slight Injury,afternoon
2940,Sunday,18-30,Male,Above high school,Employee,Above 10yr,Motorcycle,Owner, Industrial areas,Two-way (divided with broken lines road marking),Tangent road with flat terrain,Crossing,Asphalt roads,Dry,Daylight,Normal,Collision with pedestrians,1,3,Going straight,Pedestrian,Female,Over 51,2,Crossing from nearside - masked by parked or statioNot a Pedestrianry vehicle,Turnover,Slight Injury,morning
2941,Sunday,18-30,Male,High school,Employee,Below 1yr,Stationwagen,Owner,  Recreational areas,One way,Tangent road with flat terrain,Crossing,Gravel roads,Dry,Daylight,Normal,Vehicle with vehicle collision,1,3,Going straight,Driver or rider,Male,18-30,3,Not a Pedestrian,No distancing,Slight Injury,morning
2942,Sunday,18-30,Male,Junior high school,Employee,1-2yr,Lorry (41?100Q),Owner,  Market areas,Undivided Two way,Tangent road with flat terrain,Crossing,Asphalt roads,Dry,Daylight,Normal,Vehicle with vehicle collision,1,3,Going straight,na,na,na,na,Not a Pedestrian,No distancing,Slight Injury,morning
2943,Monday,18-30,Male,Junior high school,Employee,Above 10yr,Taxi,Owner,Other,Two-way (divided with broken lines road marking),Tangent road with flat terrain,Y Shape,Gravel roads,Dry,Daylight,Normal,Collision with roadside objects,1,1,Turnover,na,na,na,na,Not a Pedestrian,No distancing,Slight Injury,evening
2944,Thursday,31-50,Male,Junior high school,Owner,Above 10yr,Automobile,Owner,Other,Two-way (divided with broken lines road marking),Tangent road with flat terrain,Y Shape,Asphalt roads,Dry,Daylight,Normal,Vehicle with vehicle collision,2,1,Going straight,Driver or rider,Male,31-50,3,Not a Pedestrian,Changing lane to the left,Serious Injury,evening
2945,Thursday,31-50,Male,Junior high school,Employee,Above 10yr,Long lorry,Owner, Industrial areas,Two-way (divided with broken lines road marking),Tangent road with flat terrain,Y Shape,Asphalt roads,Dry,Daylight,Normal,Vehicle with vehicle collision,2,1,Going straight,na,na,na,na,Not a Pedestrian,No priority to vehicle,Serious Injury,evening
2946,Monday,18-30,Male,Junior high school,Employee,No Licence,Automobile,Governmental,Other,Two-way (divided with broken lines road marking),Tangent road with flat terrain,Y Shape,Asphalt roads,Dry,Daylight,Normal,Vehicle with vehicle collision,2,1,Going straight,na,na,na,na,Not a Pedestrian,Moving Backward,Slight Injury,morning
2947,Monday,Unknown,Female,Junior high school,Employee,1-2yr,Public (12 seats),Governmental,Office areas,other,Tangent road with flat terrain,Y Shape,Asphalt roads,Dry,Daylight,Normal,Collision with roadside objects,2,1,Going straight,Driver or rider,Female,31-50,3,Not a Pedestrian,Overtaking,Slight Injury,morning
2948,Friday,18-30,Male,Illiterate,Owner,1-2yr,Lorry (11?40Q),Owner,Other,other,Tangent road with flat terrain,Y Shape,Asphalt roads,Dry,Daylight,Normal,Vehicle with vehicle collision,2,1,Going straight,na,na,na,na,Not a Pedestrian,Changing lane to the left,Slight Injury,morning
2949,Friday,Unknown,Female,Junior high school,Owner,Below 1yr,Pick up upto 10Q,Owner,Office areas,Two-way (divided with broken lines road marking),Tangent road with flat terrain,Y Shape,Asphalt roads,Dry,Daylight,Normal,Vehicle with vehicle collision,2,1,Going straight,Driver or rider,Female,31-50,3,Not a Pedestrian,Changing lane to the right,Slight Injury,morning
2950,Thursday,31-50,Male,Junior high school,Owner,1-2yr,Lorry (41?100Q),Owner,Office areas,Undivided Two way,Tangent road with flat terrain,Y Shape,Asphalt roads,Dry,Daylight,Normal,Vehicle with vehicle collision,2,1,Going straight,Pedestrian,Female,Under 18,3,Not a Pedestrian,Overtaking,Slight Injury,morning
2951,Thursday,31-50,Male,Junior high school,Owner,2-5yr,Other,Organization,Other,other,Tangent road with flat terrain,Y Shape,Asphalt roads,Dry,Daylight,Normal,Vehicle with vehicle collision,2,1,Going straight,Pedestrian,Male,Under 18,3,Not a Pedestrian,Overloading,Slight Injury,morning
2952,Thursday,31-50,Male,Unknown,Owner,5-10yr,Automobile,Governmental,Other,other,Tangent road with flat terrain,Y Shape,Asphalt roads,Dry,Daylight,Normal,Vehicle with vehicle collision,2,1,Going straight,na,na,na,na,Not a Pedestrian,Other,Slight Injury,afternoon
2953,Thursday,31-50,Male,Unknown,Owner,Above 10yr,Long lorry,Owner,Other,Undivided Two way,Tangent road with flat terrain,Y Shape,Asphalt roads,Dry,Daylight,Normal,Vehicle with vehicle collision,2,1,Turnover,Driver or rider,Male,31-50,3,Not a Pedestrian,No priority to vehicle,Slight Injury,afternoon
2954,Tuesday,18-30,Male,Junior high school,Owner,2-5yr,Lorry (11?40Q),Owner,Other,other,Tangent road with flat terrain,Y Shape,Asphalt roads,Dry,Daylight,Normal,Vehicle with vehicle collision,1,1,Going straight,Driver or rider,Female,Over 51,3,Not a Pedestrian,Changing lane to the right,Slight Injury,afternoon
2955,Monday,18-30,Male,Elementary school,Owner,Above 10yr,Long lorry,Owner,Residential areas,Undivided Two way,Tangent road with flat terrain,Crossing,Asphalt roads,Dry,Daylight,Normal,Collision with roadside objects,2,1,Reversing,Driver or rider,Female,31-50,3,Not a Pedestrian,Moving Backward,Slight Injury,evening
2956,Monday,18-30,Male,Writing & reading,Owner,5-10yr,Automobile,Owner, Church areas,Undivided Two way,Tangent road with flat terrain,Crossing,Asphalt roads,Dry,Daylight,Normal,Vehicle with vehicle collision,2,1,Other,na,na,na,na,Not a Pedestrian,Changing lane to the left,Slight Injury,evening
2957,Monday,18-30,Male,Junior high school,Owner,5-10yr,Taxi,Owner,Office areas,Double carriageway (median),Tangent road with flat terrain,No junction,Asphalt roads,Dry,Daylight,Normal,Vehicle with vehicle collision,2,1,Going straight,Driver or rider,Male,Over 51,3,Not a Pedestrian,No priority to pedestrian,Slight Injury,morning
2958,Monday,18-30,Male,Junior high school,Owner,5-10yr,Taxi,Owner, Church areas,other,Tangent road with flat terrain,No junction,Asphalt roads,Dry,Daylight,Normal,Vehicle with vehicle collision,2,1,Going straight,Pedestrian,Male,Under 18,3,"In carriageway, statioNot a Pedestrianry - not crossing  (standing or playing)",No distancing,Slight Injury,morning
2959,Tuesday,18-30,Male,Junior high school,Owner,Below 1yr,Long lorry,Owner,Other,Two-way (divided with broken lines road marking),Tangent road with flat terrain,Y Shape,Asphalt roads,Dry,Darkness - lights lit,Normal,Vehicle with vehicle collision,2,1,Turnover,Driver or rider,Male,Over 51,3,Not a Pedestrian,No priority to vehicle,Serious Injury,night
2960,Tuesday,31-50,Male,Junior high school,Owner,2-5yr,Lorry (11?40Q),Owner,Other,other,Tangent road with flat terrain,Y Shape,Asphalt roads,Dry,Darkness - lights lit,Normal,Vehicle with vehicle collision,2,1,Other,Pedestrian,Male,18-30,2,Crossing from driver's nearside,No distancing,Serious Injury,night
2961,Thursday,31-50,Male,Elementary school,Employee,2-5yr,Lorry (11?40Q),Owner,School areas,other,Steep grade downward with mountainous terrain,Y Shape,Asphalt roads,Dry,Daylight,Normal,Vehicle with vehicle collision,1,1,Going straight,na,na,na,na,Not a Pedestrian,No distancing,Slight Injury,morning
2962,Wednesday,31-50,Male,Junior high school,Employee,2-5yr,Long lorry,Owner,Office areas,Two-way (divided with broken lines road marking),Tangent road with mild grade and flat terrain,Y Shape,Asphalt roads,Dry,Daylight,Normal,Vehicle with vehicle collision,1,1,Going straight,na,na,na,na,Not a Pedestrian,Moving Backward,Slight Injury,afternoon
2963,Saturday,18-30,Male,Junior high school,Employee,2-5yr,Turbo,Owner,Other,other,Steep grade downward with mountainous terrain,Y Shape,Asphalt roads,Dry,Darkness - lights lit,Normal,Collision with roadside objects,3,2,Other,Driver or rider,Male,31-50,3,Not a Pedestrian,Changing lane to the right,Slight Injury,night
2964,Saturday,Unknown,Female,Junior high school,Employee,5-10yr,Long lorry,Owner,Office areas,Undivided Two way,Tangent road with flat terrain,Y Shape,Asphalt roads,Dry,Darkness - lights lit,Normal,Rollover,3,2,Going straight,na,na,na,na,Not a Pedestrian,No priority to pedestrian,Slight Injury,night
2965,Saturday,31-50,Male,Junior high school,Employee,5-10yr,Long lorry,Owner,Other,Undivided Two way,Tangent road with flat terrain,Y Shape,Asphalt roads,Dry,Darkness - lights lit,Normal,Vehicle with vehicle collision,3,2,Turnover,na,na,na,na,Not a Pedestrian,Moving Backward,Slight Injury,night
2966,Sunday,31-50,Male,Junior high school,Employee,Above 10yr,Public (13?45 seats),Owner,Other,Two-way (divided with broken lines road marking),Tangent road with flat terrain,No junction,Asphalt roads,Dry,Daylight,Normal,Vehicle with vehicle collision,2,2,Going straight,Driver or rider,Male,18-30,3,Not a Pedestrian,Getting off the vehicle improperly,Slight Injury,evening
2967,Sunday,31-50,Male,Elementary school,Employee,5-10yr,Automobile,Owner,Office areas,Undivided Two way,Tangent road with flat terrain,No junction,Asphalt roads,Dry,Daylight,Normal,Vehicle with vehicle collision,2,2,Turnover,Driver or rider,Male,Over 51,3,Not a Pedestrian,Overtaking,Slight Injury,evening
2968,Thursday,31-50,Male,Junior high school,Employee,5-10yr,Automobile,Owner,Other,Double carriageway (median),Tangent road with flat terrain,Crossing,Asphalt roads,Dry,Daylight,Normal,Vehicle with vehicle collision,2,1,Going straight,na,na,na,na,Not a Pedestrian,Overloading,Slight Injury,morning
2969,Thursday,31-50,Male,Junior high school,Employee,Above 10yr,Pick up upto 10Q,Owner, Church areas,other,Tangent road with flat terrain,Crossing,Asphalt roads,Dry,Daylight,Normal,Vehicle with vehicle collision,2,1,Moving Backward,na,na,na,na,Not a Pedestrian,Changing lane to the right,Slight Injury,morning
2970,Friday,31-50,Male,Elementary school,Owner,5-10yr,Automobile,Owner,Office areas,Two-way (divided with broken lines road marking),Tangent road with flat terrain,Y Shape,Asphalt roads,Dry,Daylight,Normal,Vehicle with vehicle collision,2,1,Going straight,Driver or rider,Male,18-30,3,Not a Pedestrian,Improper parking,Slight Injury,morning
2971,Friday,18-30,Male,Junior high school,Owner,5-10yr,Stationwagen,Owner,Office areas,Two-way (divided with broken lines road marking),Tangent road with flat terrain,Y Shape,Asphalt roads,Dry,Daylight,Normal,Vehicle with vehicle collision,2,1,Going straight,Driver or rider,Male,18-30,2,Not a Pedestrian,Other,Slight Injury,morning
2972,Friday,Over 51,Male,Junior high school,Employee,5-10yr,Automobile,Owner,Other,Undivided Two way,Tangent road with mountainous terrain and,Y Shape,Asphalt roads,Dry,Daylight,Normal,Vehicle with vehicle collision,1,1,Going straight,Pedestrian,Male,Under 18,3,Unknown or other,Changing lane to the left,Slight Injury,afternoon
2973,Friday,31-50,Male,Junior high school,Employee,Below 1yr,Automobile,Owner,Residential areas,Undivided Two way,Tangent road with flat terrain,Y Shape,Asphalt roads,Dry,Darkness - lights lit,Normal,Collision with roadside objects,1,1,Reversing,na,na,na,na,Not a Pedestrian,Changing lane to the right,Slight Injury,night
2974,Friday,31-50,Male,Junior high school,Employee,5-10yr,Automobile,Owner,Residential areas,Undivided Two way,Tangent road with flat terrain,Unknown,Asphalt roads,Dry,Daylight,Normal,Vehicle with vehicle collision,2,1,Reversing,Driver or rider,Male,18-30,3,Not a Pedestrian,No priority to pedestrian,Slight Injury,evening
2975,Friday,31-50,Male,Junior high school,Employee,5-10yr,Long lorry,Owner,Other,Two-way (divided with broken lines road marking),Tangent road with flat terrain,Unknown,Asphalt roads,Dry,Daylight,Normal,Vehicle with vehicle collision,2,1,Reversing,na,na,na,na,Not a Pedestrian,Overspeed,Slight Injury,evening
2976,Thursday,18-30,Male,Junior high school,Employee,5-10yr,Public (13?45 seats),Owner,Other,other,Tangent road with flat terrain,No junction,Asphalt roads,Dry,Daylight,Unknown,Vehicle with vehicle collision,2,1,Going straight,Driver or rider,Male,18-30,3,Not a Pedestrian,Changing lane to the left,Serious Injury,morning
2977,Thursday,Unknown,Female,Junior high school,Employee,Above 10yr,Public (13?45 seats),Owner,Office areas,Two-way (divided with broken lines road marking),Steep grade downward with mountainous terrain,No junction,Asphalt roads,Dry,Daylight,Unknown,Vehicle with vehicle collision,2,1,Going straight,Driver or rider,Male,18-30,2,Not a Pedestrian,No priority to vehicle,Serious Injury,morning
2978,Saturday,31-50,Male,High school,Employee,Above 10yr,Lorry (11?40Q),Governmental,School areas,Double carriageway (median),Tangent road with flat terrain,No junction,Asphalt roads,Dry,Daylight,Normal,Collision with pedestrians,2,1,Going straight,na,na,na,na,Not a Pedestrian,Changing lane to the right,Slight Injury,afternoon
2979,Saturday,18-30,Male,Junior high school,Employee,Above 10yr,Lorry (11?40Q),Owner,Other,Two-way (divided with broken lines road marking),Steep grade downward with mountainous terrain,No junction,Asphalt roads,Dry,Daylight,Normal,Collision with pedestrians,2,1,Going straight,na,na,na,na,Not a Pedestrian,No distancing,Slight Injury,afternoon
2980,Wednesday,18-30,Male,Junior high school,Employee,Above 10yr,Pick up upto 10Q,Owner,Other,Two-way (divided with broken lines road marking),Tangent road with rolling terrain,No junction,Asphalt roads,Dry,Daylight,Normal,Vehicle with vehicle collision,2,1,Moving Backward,Passenger,Female,18-30,3,Not a Pedestrian,No priority to pedestrian,Serious Injury,morning
2981,Wednesday,18-30,Male,Junior high school,Employee,Above 10yr,Automobile,Governmental, Church areas,Two-way (divided with broken lines road marking),Tangent road with flat terrain,No junction,Asphalt roads,Dry,Daylight,Normal,Vehicle with vehicle collision,2,1,Going straight,Passenger,Female,Under 18,3,Not a Pedestrian,No distancing,Serious Injury,morning
2982,Saturday,31-50,Male,Junior high school,Employee,Above 10yr,Automobile,Owner,Office areas,Two-way (divided with broken lines road marking),Tangent road with mild grade and flat terrain,Y Shape,Asphalt roads,Dry,Daylight,Normal,Vehicle with vehicle collision,1,1,Moving Backward,na,na,na,na,Not a Pedestrian,No priority to vehicle,Serious Injury,afternoon
2983,Saturday,Unknown,Female,Junior high school,Employee,5-10yr,Automobile,Owner,Other,Two-way (divided with broken lines road marking),Tangent road with mild grade and flat terrain,Y Shape,Asphalt roads,Dry,Darkness - lights lit,Normal,Rollover,1,1,Moving Backward,Pedestrian,Female,Under 18,3,Not a Pedestrian,Other,Slight Injury,night
2984,Wednesday,18-30,Male,Junior high school,Employee,2-5yr,Long lorry,Governmental,Residential areas,Double carriageway (median),Tangent road with flat terrain,Y Shape,Asphalt roads,Dry,Daylight,Normal,Vehicle with vehicle collision,1,2,Going straight,Pedestrian,Female,Under 18,3,Crossing from driver's nearside,Driving carelessly,Slight Injury,afternoon
2985,Wednesday,18-30,Male,Junior high school,Employee,Below 1yr,Long lorry,Owner,Office areas,Two-way (divided with broken lines road marking),Tangent road with flat terrain,Y Shape,Asphalt roads,Dry,Daylight,Normal,Vehicle with vehicle collision,1,2,Other,na,na,na,na,Not a Pedestrian,Changing lane to the left,Slight Injury,afternoon
2986,Friday,31-50,Male,Junior high school,Employee,Below 1yr,Automobile,Owner,Office areas,Undivided Two way,Tangent road with flat terrain,Y Shape,Asphalt roads,Dry,Daylight,Normal,Collision with pedestrians,1,1,Going straight,Driver or rider,Male,Under 18,3,Not a Pedestrian,Driving carelessly,Slight Injury,afternoon
2987,Wednesday,31-50,Male,Junior high school,Employee,2-5yr,Stationwagen,Owner,Office areas,Two-way (divided with broken lines road marking),Tangent road with flat terrain,Y Shape,Asphalt roads,Dry,Daylight,Normal,Vehicle with vehicle collision,2,1,Other,na,na,na,na,Not a Pedestrian,Changing lane to the left,Slight Injury,evening
2988,Wednesday,18-30,Male,Elementary school,Employee,Below 1yr,Automobile,Organization, Church areas,Two-way (divided with broken lines road marking),Tangent road with flat terrain,Y Shape,Asphalt roads,Dry,Daylight,Normal,Vehicle with vehicle collision,2,1,Going straight,Passenger,Female,Over 51,3,Not a Pedestrian,No priority to vehicle,Slight Injury,evening
2989,Tuesday,18-30,Male,Junior high school,Employee,Below 1yr,Other,Owner,Office areas,Two-way (divided with broken lines road marking),Tangent road with flat terrain,Y Shape,Asphalt roads,Dry,Daylight,Normal,Vehicle with vehicle collision,2,1,Reversing,Passenger,Female,31-50,3,Not a Pedestrian,No distancing,Slight Injury,morning
2990,Tuesday,31-50,Male,Junior high school,Employee,5-10yr,Special vehicle,Owner,Office areas,Two-way (divided with broken lines road marking),Tangent road with mild grade and flat terrain,Y Shape,Asphalt roads,Dry,Daylight,Normal,Collision with pedestrians,2,1,Going straight,Passenger,Female,Over 51,3,Not a Pedestrian,Changing lane to the right,Slight Injury,morning
2991,Sunday,31-50,Male,Junior high school,Employee,5-10yr,Lorry (41?100Q),Owner,Office areas,Two-way (divided with broken lines road marking),Tangent road with mild grade and flat terrain,No junction,Asphalt roads,Dry,Daylight,Normal,Vehicle with vehicle collision,1,1,Going straight,na,na,na,na,Not a Pedestrian,Changing lane to the right,Slight Injury,evening
2992,Thursday,Over 51,Male,Writing & reading,Employee,Below 1yr,Pick up upto 10Q,Owner,Office areas,Two-way (divided with broken lines road marking),Tangent road with flat terrain,Crossing,Asphalt roads,Dry,Daylight,Normal,Collision with pedestrians,2,1,Going straight,na,na,na,na,Not a Pedestrian,Driving at high speed,Slight Injury,evening