,Day_of_week,Age_band_of_driver,Sex_of_driver,Educational_level,Vehicle_driver_relation,Driving_experience,Type_of_vehicle,Owner_of_vehicle,Area_accident_occured,Lanes_or_Medians,Road_allignment,Types_of_Junction,Road_surface_type,Road_surface_conditions,Light_conditions,Weather_conditions,Type_of_collision,Number_of_vehicles_involved,Number_of_casualties,Vehicle_movement,Casualty_class,Sex_of_casualty,Age_band_of_casualty,Casualty_severity,Pedestrian_movement,Cause_of_accident,Accident_severity,Time_Category
4364,Monday,Under 18,Male,Junior high school,Employee,2-5yr,Automobile,Owner, Outside rural areas,Two-way (divided with broken lines road marking),Escarpments,No junction,Asphalt roads,Wet or damp,Darkness - lights lit,Raining,Vehicle with vehicle collision,2,1,Other,Pedestrian,Female,31-50,3,Unknown or other,Driving carelessly,Serious Injury,night
4365,Sunday,Over 51,Male,Junior high school,Employee,5-10yr,Automobile,Owner, Outside rural areas,Two-way (divided with broken lines road marking),Tangent road with mountainous terrain and,No junction,Asphalt roads,Dry,Daylight,Normal,Vehicle with vehicle collision,2,1,Going straight,Driver or rider,Male,31-50,3,Not a Pedestrian,Driving carelessly,Slight Injury,morning
4366,Sunday,Over 51,Male,Junior high school,Employee,2-5yr,Lorry (11?40Q),Owner,Office areas,Undivided Two way,Tangent road with mountainous terrain and,No junction,Asphalt roads,Dry,Daylight,Normal,Vehicle with vehicle collision,2,1,Reversing,na,na,na,na,Not a Pedestrian,Driving under the influence of drugs,Slight Injury,morning
4367,Tuesday,Unknown,Male,Junior high school,Employee,Above 10yr,Bajaj,Owner, Outside rural areas,Undivided Two way,Tangent road with mountainous terrain and,Y Shape,Asphalt roads,Dry,Daylight,Normal,Vehicle with vehicle collision,3,2,Going straight,na,na,na,na,Not a Pedestrian,No priority to pedestrian,Slight Injury,afternoon
4368,Tuesday,31-50,Male,Elementary school,Employee,5-10yr,Automobile,Owner, Outside rural areas,Undivided Two way,Tangent road with mountainous terrain and,Y Shape,Asphalt roads,Dry,Daylight,Normal,Vehicle with vehicle collision,3,2,Other,Driver or rider,Male,31-50,3,Not a Pedestrian,No priority to vehicle,Slight Injury,afternoon
4369,Tuesday,Under 18,Male,Junior high school,Employee,5-10yr,Lorry (41?100Q),Owner, Outside rural areas,Undivided Two way,Tangent road with flat terrain,Y Shape,Asphalt roads,Dry,Daylight,Normal,Vehicle with vehicle collision,3,2,Other,Passenger,Female,31-50,3,Not a Pedestrian,Driving carelessly,Slight Injury,afternoon
4370,Wednesday,Over 51,Male,Above high school,Employee,1-2yr,Lorry (11?40Q),Owner,Office areas,Undivided Two way,Tangent road with flat terrain,No junction,Asphalt roads,Dry,Daylight,Raining,Collision with roadside objects,1,1,Other,na,na,na,na,Not a Pedestrian,Moving Backward,Serious Injury,morning
4371,Tuesday,31-50,Male,Elementary school,Employee,Above 10yr,Lorry (11?40Q),Owner,  Recreational areas,Undivided Two way,Tangent road with flat terrain,No junction,Asphalt roads,Wet or damp,Darkness - lights lit,Normal,Collision with pedestrians,1,1,Stopping,Pedestrian,Male,31-50,3,"In carriageway, statioNot a Pedestrianry - not crossing  (standing or playing)",Driving carelessly,Serious Injury,night
4372,Sunday,18-30,Male,Elementary school,Employee,5-10yr,Automobile,Owner,Office areas,Undivided Two way,Tangent road with flat terrain,Y Shape,Asphalt roads,Dry,Daylight,Normal,Vehicle with vehicle collision,2,1,Other,Driver or rider,Male,31-50,3,Not a Pedestrian,No priority to vehicle,Slight Injury,evening
4373,Sunday,18-30,Male,Elementary school,Employee,2-5yr,Automobile,Owner,Other,Two-way (divided with broken lines road marking),Tangent road with mild grade and flat terrain,Y Shape,Asphalt roads,Dry,Daylight,Normal,Vehicle with vehicle collision,2,1,Other,na,na,na,na,Not a Pedestrian,Changing lane to the right,Slight Injury,evening
4374,Monday,Unknown,Male,Elementary school,Employee,2-5yr,Automobile,Owner,Residential areas,Two-way (divided with broken lines road marking),Tangent road with flat terrain,No junction,Asphalt roads,Dry,Daylight,Unknown,Collision with roadside objects,1,1,Other,Driver or rider,Male,18-30,3,Not a Pedestrian,Changing lane to the left,Slight Injury,morning
4375,Tuesday,18-30,Male,Junior high school,Employee,5-10yr,Public (13?45 seats),Owner,Residential areas,other,Tangent road with flat terrain,No junction,Asphalt roads,Dry,Darkness - lights lit,Normal,Vehicle with vehicle collision,1,2,Going straight,na,na,na,na,Not a Pedestrian,No priority to vehicle,Fatal injury,night
4376,Tuesday,18-30,Male,Junior high school,Employee,1-2yr,Public (12 seats),Owner,Residential areas,Undivided Two way,Tangent road with flat terrain,No junction,Asphalt roads,Dry,Darkness - lights lit,Normal,Vehicle with vehicle collision,1,2,Going straight,na,na,na,na,Not a Pedestrian,Driving carelessly,Fatal injury,night
4377,Friday,Unknown,Male,Junior high school,Employee,5-10yr,Other,Owner,Other,Undivided Two way,Tangent road with flat terrain,Y Shape,Asphalt roads,Dry,Daylight,Normal,Vehicle with vehicle collision,2,1,Going straight,Driver or rider,Male,18-30,3,Not a Pedestrian,Moving Backward,Slight Injury,morning
4378,Friday,31-50,Male,Junior high school,Employee,5-10yr,Automobile,Owner,Office areas,Two-way (divided with broken lines road marking),Tangent road with flat terrain,Y Shape,Asphalt roads,Dry,Daylight,Normal,Vehicle with vehicle collision,2,1,Going straight,na,na,na,na,Not a Pedestrian,No distancing,Slight Injury,morning
4379,Tuesday,18-30,Male,Above high school,Employee,5-10yr,Automobile,Owner,Other,Two-way (divided with broken lines road marking),Tangent road with flat terrain,No junction,Asphalt roads,Dry,Daylight,Normal,Vehicle with vehicle collision,1,1,Going straight,Driver or rider,Female,31-50,2,Not a Pedestrian,Changing lane to the left,Serious Injury,evening
4380,Friday,31-50,Male,Junior high school,Employee,Above 10yr,Public (13?45 seats),Owner,Other,other,Tangent road with flat terrain,Other,Asphalt roads,Dry,Daylight,Normal,Vehicle with vehicle collision,1,1,Going straight,Pedestrian,Female,31-50,3,Unknown or other,Changing lane to the left,Serious Injury,afternoon
4381,Tuesday,Unknown,Male,Elementary school,Employee,2-5yr,Public (13?45 seats),Owner,Office areas,Two-way (divided with broken lines road marking),Tangent road with flat terrain,Crossing,Asphalt roads,Dry,Daylight,Normal,Vehicle with vehicle collision,2,3,Going straight,Driver or rider,Male,31-50,3,Not a Pedestrian,No distancing,Slight Injury,night
4382,Tuesday,18-30,Male,Junior high school,Employee,5-10yr,Automobile,Owner, Church areas,other,Tangent road with flat terrain,Crossing,Asphalt roads,Dry,Daylight,Normal,Vehicle with vehicle collision,2,3,Going straight,na,na,na,na,Not a Pedestrian,Changing lane to the left,Slight Injury,night
4383,Tuesday,18-30,Male,Junior high school,Employee,5-10yr,Other,Owner,Other,Two-way (divided with broken lines road marking),Tangent road with flat terrain,Crossing,Asphalt roads,Dry,Daylight,Normal,Collision with roadside objects,2,3,Going straight,na,na,na,na,Not a Pedestrian,Driving carelessly,Slight Injury,night
4384,Tuesday,18-30,Male,Junior high school,Employee,5-10yr,Pick up upto 10Q,Owner,Other,One way,Tangent road with flat terrain,Crossing,Asphalt roads,Dry,Daylight,Normal,Collision with roadside objects,2,3,Going straight,Driver or rider,Female,Under 18,3,Not a Pedestrian,Changing lane to the left,Slight Injury,night
4385,Thursday,31-50,Male,Junior high school,Employee,5-10yr,Lorry (41?100Q),Owner,Office areas,Double carriageway (median),Tangent road with flat terrain,Unknown,Asphalt roads,Dry,Daylight,Normal,Collision with roadside objects,3,1,Going straight,Driver or rider,Male,Over 51,2,Not a Pedestrian,No distancing,Slight Injury,afternoon
4386,Thursday,18-30,Male,Junior high school,Employee,5-10yr,Automobile,Owner,Office areas,One way,Tangent road with mild grade and flat terrain,Unknown,Asphalt roads,Dry,Daylight,Normal,Vehicle with vehicle collision,3,1,Reversing,na,na,na,na,Not a Pedestrian,Changing lane to the right,Slight Injury,afternoon
4387,Thursday,Unknown,Male,Junior high school,Employee,1-2yr,Automobile,Owner,Office areas,Undivided Two way,Tangent road with flat terrain,Unknown,Asphalt roads,Dry,Daylight,Normal,Collision with pedestrians,3,1,Going straight,Driver or rider,Male,31-50,3,Not a Pedestrian,No distancing,Slight Injury,afternoon
4388,Sunday,31-50,Male,Above high school,Owner,5-10yr,Lorry (41?100Q),Owner,Office areas,Double carriageway (median),Tangent road with flat terrain,Y Shape,Asphalt roads,Dry,Daylight,Normal,Vehicle with vehicle collision,2,1,Other,na,na,na,na,Not a Pedestrian,Driving to the left,Slight Injury,afternoon
4389,Sunday,18-30,Male,Junior high school,Employee,2-5yr,Automobile,Owner,Other,Two-way (divided with broken lines road marking),Tangent road with flat terrain,Y Shape,Asphalt roads,Dry,Daylight,Normal,Collision with pedestrians,2,1,Going straight,Driver or rider,Male,31-50,3,Not a Pedestrian,No distancing,Slight Injury,afternoon
4390,Tuesday,Over 51,Male,Junior high school,Owner,5-10yr,Other,Owner,Office areas,Undivided Two way,Tangent road with flat terrain,Y Shape,Asphalt roads,Dry,Daylight,Normal,Vehicle with vehicle collision,2,1,Getting off,na,na,na,na,Not a Pedestrian,Overtaking,Serious Injury,afternoon
4391,Tuesday,18-30,Male,High school,Employee,2-5yr,Automobile,Owner,Other,Two-way (divided with broken lines road marking),Tangent road with flat terrain,Y Shape,Asphalt roads,Dry,Daylight,Normal,Collision with pedestrians,2,1,Going straight,Driver or rider,Male,18-30,3,Not a Pedestrian,Driving under the influence of drugs,Serious Injury,afternoon
4392,Sunday,Unknown,Male,Junior high school,Employee,Above 10yr,Automobile,Owner,Other,Double carriageway (median),Tangent road with flat terrain,No junction,Asphalt roads,Dry,Darkness - lights lit,Normal,Vehicle with vehicle collision,4,2,Going straight,na,na,na,na,Not a Pedestrian,No priority to pedestrian,Slight Injury,night
4393,Sunday,31-50,Male,Junior high school,Employee,Below 1yr,Automobile,Governmental,Other,Two-way (divided with broken lines road marking),Tangent road with flat terrain,No junction,Asphalt roads,Dry,Darkness - lights lit,Normal,Vehicle with vehicle collision,4,2,Going straight,Passenger,Male,Over 51,3,Not a Pedestrian,Moving Backward,Slight Injury,night
4394,Sunday,Unknown,Male,Junior high school,Employee,Below 1yr,Automobile,Owner,Office areas,Two-way (divided with broken lines road marking),Tangent road with flat terrain,No junction,Asphalt roads,Dry,Darkness - lights lit,Normal,Vehicle with vehicle collision,4,2,Going straight,Pedestrian,Male,18-30,3,Crossing from nearside - masked by parked or statioNot a Pedestrianry vehicle,Changing lane to the right,Slight Injury,night
4395,Sunday,Unknown,Female,Junior high school,Owner,5-10yr,Lorry (41?100Q),Owner,Office areas,Two-way (divided with broken lines road marking),Tangent road with flat terrain,No junction,Asphalt roads,Dry,Darkness - lights lit,Normal,Vehicle with vehicle collision,4,2,Turnover,Driver or rider,Male,18-30,3,Not a Pedestrian,Changing lane to the left,Slight Injury,night
4396,Tuesday,Under 18,Male,Junior high school,Employee,2-5yr,Other,Owner,Office areas,Two-way (divided with broken lines road marking),Tangent road with flat terrain,Y Shape,Asphalt roads,Dry,Daylight,Normal,Vehicle with vehicle collision,1,1,Entering a junction,na,na,na,na,Not a Pedestrian,Changing lane to the right,Slight Injury,afternoon
4397,Friday,31-50,Male,Junior high school,Employee,5-10yr,Pick up upto 10Q,Governmental,Office areas,Two-way (divided with broken lines road marking),Tangent road with flat terrain,Other,Asphalt roads,Dry,Darkness - lights lit,Normal,Vehicle with vehicle collision,2,1,Entering a junction,Driver or rider,Female,31-50,3,Not a Pedestrian,Driving under the influence of drugs,Slight Injury,night
4398,Friday,Under 18,Male,Elementary school,Employee,No Licence,Stationwagen,Owner, Church areas,Undivided Two way,Tangent road with flat terrain,Other,Asphalt roads,Dry,Darkness - lights lit,Normal,Vehicle with vehicle collision,2,1,Entering a junction,na,na,na,na,Not a Pedestrian,No priority to vehicle,Slight Injury,night
4399,Thursday,18-30,Male,Junior high school,Employee,Above 10yr,Other,Governmental,Office areas,Two-way (divided with broken lines road marking),Tangent road with flat terrain,Y Shape,Asphalt roads,Dry,Daylight,Normal,Vehicle with vehicle collision,2,1,Entering a junction,Passenger,Male,Under 18,3,Not a Pedestrian,No priority to vehicle,Slight Injury,morning
4400,Thursday,18-30,Male,Junior high school,Owner,Above 10yr,Pick up upto 10Q,Governmental,Residential areas,Two-way (divided with broken lines road marking),Tangent road with flat terrain,Y Shape,Asphalt roads,Dry,Daylight,Normal,Vehicle with vehicle collision,2,1,Other,Pedestrian,Male,18-30,3,Unknown or other,Changing lane to the left,Slight Injury,morning
4401,Friday,18-30,Male,Junior high school,Employee,Above 10yr,Stationwagen,Owner,School areas,Two-way (divided with broken lines road marking),Tangent road with flat terrain,Y Shape,Asphalt roads,Dry,Darkness - lights lit,Normal,Vehicle with vehicle collision,2,2,Entering a junction,na,na,na,na,Not a Pedestrian,Changing lane to the right,Slight Injury,night
4402,Friday,18-30,Male,Junior high school,Employee,Above 10yr,Lorry (41?100Q),Owner,Office areas,Undivided Two way,Tangent road with flat terrain,Y Shape,Asphalt roads,Dry,Darkness - lights lit,Normal,Vehicle with vehicle collision,2,2,Turnover,na,na,na,na,Not a Pedestrian,Changing lane to the right,Slight Injury,night
4403,Friday,18-30,Male,Junior high school,Owner,5-10yr,Automobile,Owner,Other,Undivided Two way,Tangent road with flat terrain,Y Shape,Asphalt roads,Dry,Darkness - lights lit,Normal,Vehicle with vehicle collision,2,2,Entering a junction,na,na,na,na,Not a Pedestrian,Changing lane to the left,Slight Injury,night
4404,Tuesday,31-50,Male,Junior high school,Employee,Below 1yr,Automobile,Owner,Other,Double carriageway (median),Tangent road with flat terrain,No junction,Asphalt roads,Dry,Daylight,Normal,Rollover,1,1,Entering a junction,Driver or rider,Male,18-30,3,Not a Pedestrian,Changing lane to the left,Slight Injury,morning
4405,Wednesday,18-30,Male,Junior high school,Employee,2-5yr,Automobile,Governmental,Other,Double carriageway (median),Tangent road with flat terrain,Y Shape,Asphalt roads,Dry,Daylight,Normal,Collision with roadside objects,2,1,Entering a junction,Driver or rider,Male,31-50,3,Not a Pedestrian,Getting off the vehicle improperly,Serious Injury,evening
4406,Wednesday,31-50,Male,Junior high school,Employee,5-10yr,Automobile,Owner,Other,Two-way (divided with broken lines road marking),Tangent road with flat terrain,Y Shape,Asphalt roads,Dry,Daylight,Normal,Vehicle with vehicle collision,2,1,Entering a junction,Passenger,Male,31-50,3,Not a Pedestrian,Overtaking,Serious Injury,evening
4407,Friday,Unknown,Male,Above high school,Employee,1-2yr,Turbo,Owner,Office areas,Double carriageway (median),Tangent road with mild grade and flat terrain,Y Shape,Asphalt roads,Dry,Daylight,Normal,Vehicle with vehicle collision,2,1,Entering a junction,Pedestrian,Male,Over 51,3,Crossing from driver's nearside,Changing lane to the left,Slight Injury,morning
4408,Friday,31-50,Unknown,Junior high school,Employee,1-2yr,Automobile,Owner,Office areas,Two-way (divided with broken lines road marking),Tangent road with flat terrain,Y Shape,Asphalt roads,Dry,Daylight,Normal,Vehicle with vehicle collision,2,1,Other,Pedestrian,Female,Over 51,3,Crossing from offside - masked by  parked or statioNot a Pedestrianry vehicle,Driving under the influence of drugs,Slight Injury,morning
4409,Monday,Unknown,Female,Junior high school,Employee,1-2yr,Stationwagen,Owner,Office areas,Two-way (divided with broken lines road marking),Tangent road with mild grade and flat terrain,Crossing,Asphalt roads,Wet or damp,Darkness - lights lit,Raining,Collision with pedestrians,1,1,Going straight,Driver or rider,Male,18-30,3,Not a Pedestrian,Driving carelessly,Serious Injury,evening
4410,Monday,18-30,Male,Unknown,Employee,5-10yr,Automobile,Owner,Office areas,Two-way (divided with broken lines road marking),Tangent road with mild grade and flat terrain,No junction,Asphalt roads,Dry,Daylight,Normal,Collision with pedestrians,1,1,Going straight,na,na,na,na,Not a Pedestrian,Moving Backward,Serious Injury,afternoon
4411,Sunday,Unknown,Male,Junior high school,Employee,Above 10yr,Automobile,Owner,Office areas,One way,Tangent road with flat terrain,No junction,Asphalt roads,Dry,Daylight,Unknown,Vehicle with vehicle collision,2,1,Other,Driver or rider,Male,18-30,3,Not a Pedestrian,No distancing,Slight Injury,evening
4412,Sunday,Over 51,Male,Junior high school,Employee,Above 10yr,Automobile,Owner,Office areas,Two-way (divided with broken lines road marking),Tangent road with flat terrain,No junction,Gravel roads,Dry,Daylight,Unknown,Vehicle with vehicle collision,2,1,Going straight,na,na,na,na,Not a Pedestrian,No priority to vehicle,Slight Injury,evening
4413,Sunday,Under 18,Male,Junior high school,Employee,5-10yr,Pick up upto 10Q,Owner,Office areas,Two-way (divided with broken lines road marking),Tangent road with flat terrain,No junction,Asphalt roads,Dry,Daylight,Normal,Collision with pedestrians,2,1,Going straight,Pedestrian,Male,Under 18,3,Unknown or other,Overturning,Slight Injury,morning
4414,Sunday,Unknown,Male,Junior high school,Employee,2-5yr,Lorry (41?100Q),Owner,Other,Undivided Two way,Tangent road with flat terrain,No junction,Asphalt roads,Dry,Daylight,Normal,Collision with pedestrians,2,1,Going straight,na,na,na,na,Not a Pedestrian,Changing lane to the left,Slight Injury,morning
4415,Sunday,Under 18,Male,Junior high school,Employee,Below 1yr,Lorry (41?100Q),Owner,Other,Two-way (divided with broken lines road marking),Tangent road with flat terrain,No junction,Asphalt roads,Wet or damp,Daylight,Normal,Collision with pedestrians,1,4,Going straight,Driver or rider,Male,5,3,Not a Pedestrian,No distancing,Serious Injury,evening
4416,Sunday,Under 18,Male,Junior high school,Employee,1-2yr,Automobile,Owner,Residential areas,Two-way (divided with broken lines road marking),Tangent road with flat terrain,No junction,Asphalt roads,Wet or damp,Daylight,Normal,Vehicle with vehicle collision,1,4,Going straight,Driver or rider,Female,31-50,3,Not a Pedestrian,Moving Backward,Serious Injury,evening
4417,Sunday,Under 18,Male,Junior high school,Employee,5-10yr,Lorry (41?100Q),Owner,Other,Two-way (divided with broken lines road marking),Tangent road with flat terrain,No junction,Asphalt roads,Wet or damp,Daylight,Normal,Collision with roadside objects,1,4,Reversing,na,na,na,na,Not a Pedestrian,No priority to vehicle,Serious Injury,evening
4418,Sunday,Under 18,Male,Junior high school,Employee,Below 1yr,Lorry (41?100Q),Owner,Other,Two-way (divided with broken lines road marking),Tangent road with flat terrain,No junction,Asphalt roads,Wet or damp,Daylight,Normal,Vehicle with vehicle collision,1,4,Moving Backward,na,na,na,na,Not a Pedestrian,No priority to vehicle,Serious Injury,evening
4419,Friday,Unknown,Female,Elementary school,Employee,5-10yr,Lorry (41?100Q),Governmental,Other,Two-way (divided with broken lines road marking),Tangent road with flat terrain,Y Shape,Asphalt roads,Dry,Darkness - lights lit,Normal,Vehicle with vehicle collision,2,1,Overtaking,Driver or rider,Male,18-30,3,Not a Pedestrian,No distancing,Slight Injury,night
4420,Friday,Unknown,Male,Junior high school,Employee,2-5yr,Lorry (41?100Q),Owner,Other,Undivided Two way,Tangent road with flat terrain,Y Shape,Asphalt roads,Dry,Darkness - lights lit,Normal,Collision with roadside objects,2,1,Going straight,Driver or rider,Male,31-50,3,Not a Pedestrian,No distancing,Slight Injury,night
4421,Friday,Unknown,Male,Junior high school,Employee,5-10yr,Automobile,Owner, Industrial areas,Undivided Two way,Tangent road with flat terrain,Other,Asphalt roads,Dry,Daylight,Normal,Vehicle with vehicle collision,1,1,Going straight,na,na,na,na,Not a Pedestrian,Overtaking,Slight Injury,morning
4422,Wednesday,Unknown,Unknown,Elementary school,Employee,5-10yr,Automobile,Owner, Industrial areas,Undivided Two way,Tangent road with flat terrain,No junction,Asphalt roads with some distress,Dry,Daylight,Normal,Vehicle with vehicle collision,1,1,Going straight,na,na,na,na,Not a Pedestrian,Driving under the influence of drugs,Slight Injury,evening
4423,Tuesday,Unknown,Male,Junior high school,Employee,Above 10yr,Automobile,Owner, Church areas,Double carriageway (median),Tangent road with flat terrain,No junction,Asphalt roads,Wet or damp,Daylight,Raining,Vehicle with vehicle collision,2,1,Going straight,Driver or rider,Female,18-30,3,Not a Pedestrian,Changing lane to the right,Slight Injury,afternoon
4424,Tuesday,Over 51,Male,Junior high school,Employee,1-2yr,Public (13?45 seats),Owner,Other,Undivided Two way,Tangent road with flat terrain,No junction,Asphalt roads,Wet or damp,Daylight,Raining,Vehicle with vehicle collision,2,1,Going straight,Driver or rider,Male,31-50,3,Not a Pedestrian,Changing lane to the left,Slight Injury,afternoon
4425,Saturday,18-30,Male,High school,Employee,Below 1yr,Automobile,Owner,Other,Undivided Two way,Tangent road with flat terrain,No junction,Asphalt roads,Dry,Daylight,Normal,Collision with pedestrians,1,1,Going straight,na,na,na,na,Not a Pedestrian,Driving carelessly,Serious Injury,afternoon
4426,Monday,31-50,Male,Elementary school,Employee,Above 10yr,Public (13?45 seats),Owner,Office areas,Undivided Two way,Tangent road with flat terrain,Crossing,Asphalt roads,Wet or damp,Darkness - lights lit,Raining,Rollover,2,1,Going straight,Driver or rider,Male,31-50,3,Not a Pedestrian,Moving Backward,Slight Injury,morning
4427,Monday,31-50,Unknown,High school,Owner,1-2yr,Public (13?45 seats),Owner,Office areas,Undivided Two way,Tangent road with flat terrain,Crossing,Asphalt roads,Wet or damp,Darkness - lights lit,Raining,Vehicle with vehicle collision,2,1,Going straight,na,na,na,na,Not a Pedestrian,Moving Backward,Slight Injury,morning
4428,Thursday,31-50,Male,Junior high school,Employee,2-5yr,Automobile,Governmental,Residential areas,Two-way (divided with broken lines road marking),Tangent road with flat terrain,Other,Asphalt roads,Dry,Daylight,Normal,Vehicle with vehicle collision,2,2,Going straight,na,na,na,na,Not a Pedestrian,Changing lane to the right,Slight Injury,morning
4429,Thursday,Under 18,Male,Junior high school,Employee,5-10yr,Lorry (11?40Q),Owner, Industrial areas,Undivided Two way,Tangent road with flat terrain,Other,Asphalt roads,Dry,Daylight,Normal,Vehicle with vehicle collision,2,2,Going straight,Driver or rider,Male,18-30,3,Not a Pedestrian,No priority to vehicle,Slight Injury,morning
4430,Thursday,Under 18,Male,High school,Owner,2-5yr,Automobile,Owner,Office areas,Undivided Two way,Tangent road with flat terrain,Other,Asphalt roads,Dry,Daylight,Normal,Collision with roadside objects,2,2,Going straight,Driver or rider,Male,18-30,3,Not a Pedestrian,Driving at high speed,Slight Injury,morning
4431,Thursday,18-30,Male,High school,Employee,Above 10yr,Lorry (41?100Q),Owner,Other,Undivided Two way,Tangent road with flat terrain,Y Shape,Asphalt roads,Dry,Daylight,Normal,Vehicle with vehicle collision,2,1,Other,na,na,na,na,Not a Pedestrian,Driving under the influence of drugs,Slight Injury,morning
4432,Thursday,18-30,Male,Junior high school,Employee,1-2yr,Other,Owner,Other,Two-way (divided with broken lines road marking),Tangent road with flat terrain,Y Shape,Asphalt roads,Dry,Daylight,Normal,Rollover,2,1,Going straight,Driver or rider,Male,31-50,3,Not a Pedestrian,Changing lane to the right,Slight Injury,morning
4433,Wednesday,Over 51,Male,Elementary school,Employee,1-2yr,Pick up upto 10Q,Owner,Residential areas,Undivided Two way,Tangent road with flat terrain,Y Shape,Asphalt roads,Dry,Daylight,Normal,Collision with roadside objects,1,1,Moving Backward,Passenger,Male,31-50,3,Not a Pedestrian,Driving carelessly,Slight Injury,evening
4434,Friday,Unknown,Male,High school,Employee,1-2yr,Lorry (11?40Q),Owner,Office areas,Two-way (divided with broken lines road marking),Tangent road with flat terrain,Y Shape,Asphalt roads,Dry,Darkness - lights lit,Unknown,Vehicle with vehicle collision,2,2,Other,Driver or rider,Male,31-50,3,Not a Pedestrian,No distancing,Slight Injury,night
4435,Friday,18-30,Male,Above high school,Employee,5-10yr,Motorcycle,Organization,Residential areas,other,Tangent road with flat terrain,Y Shape,Asphalt roads,Dry,Darkness - lights lit,Unknown,Vehicle with vehicle collision,2,2,Going straight,Passenger,Male,18-30,3,Not a Pedestrian,Changing lane to the left,Slight Injury,night
4436,Friday,18-30,Male,Junior high school,Employee,5-10yr,Pick up upto 10Q,Owner,Office areas,Two-way (divided with broken lines road marking),Tangent road with flat terrain,Y Shape,Asphalt roads,Dry,Darkness - lights lit,Unknown,Vehicle with vehicle collision,2,2,Going straight,Driver or rider,Male,31-50,3,Not a Pedestrian,No distancing,Slight Injury,night
4437,Thursday,31-50,Male,Junior high school,Employee,5-10yr,Lorry (11?40Q),Owner, Church areas,Two-way (divided with broken lines road marking),Tangent road with flat terrain,No junction,Asphalt roads,Dry,Daylight,Normal,Vehicle with vehicle collision,1,1,Going straight,na,na,na,na,Not a Pedestrian,No distancing,Slight Injury,afternoon
4438,Tuesday,18-30,Male,Elementary school,Owner,5-10yr,Lorry (11?40Q),Organization,Residential areas,Two-way (divided with broken lines road marking),Tangent road with flat terrain,Other,Asphalt roads,Dry,Darkness - lights lit,Normal,Vehicle with vehicle collision,2,2,Going straight,Driver or rider,Male,18-30,3,Not a Pedestrian,Getting off the vehicle improperly,Serious Injury,night
4439,Tuesday,18-30,Male,Elementary school,Employee,5-10yr,Automobile,Owner,School areas,other,Tangent road with flat terrain,Other,Asphalt roads,Dry,Darkness - lights lit,Normal,Vehicle with vehicle collision,2,2,Going straight,Passenger,Male,18-30,3,Not a Pedestrian,Overtaking,Serious Injury,night
4440,Saturday,18-30,Male,High school,Owner,5-10yr,Automobile,Owner, Hospital areas,other,Steep grade downward with mountainous terrain,No junction,Asphalt roads,Dry,Daylight,Normal,Collision with pedestrians,2,1,Going straight,Driver or rider,Male,18-30,3,Not a Pedestrian,Driving carelessly,Slight Injury,afternoon
4441,Saturday,31-50,Male,Junior high school,Employee,5-10yr,Other,Owner,Other,Undivided Two way,Tangent road with flat terrain,No junction,Asphalt roads,Dry,Daylight,Normal,Vehicle with vehicle collision,2,1,Going straight,na,na,na,na,Not a Pedestrian,Driving under the influence of drugs,Slight Injury,afternoon
4442,Saturday,Unknown,Female,Junior high school,Owner,1-2yr,Other,Owner,School areas,Double carriageway (median),Tangent road with flat terrain,No junction,Asphalt roads,Dry,Daylight,Normal,Vehicle with vehicle collision,2,1,Going straight,na,na,na,na,Not a Pedestrian,Moving Backward,Slight Injury,morning
4443,Saturday,31-50,Male,Junior high school,Employee,2-5yr,Automobile,Owner,Other,other,Tangent road with flat terrain,No junction,Asphalt roads,Dry,Daylight,Normal,Collision with roadside objects,2,1,Going straight,Driver or rider,Female,31-50,3,Not a Pedestrian,Overturning,Slight Injury,morning
4444,Thursday,31-50,Male,Junior high school,Owner,5-10yr,Taxi,Owner, Industrial areas,Undivided Two way,Tangent road with flat terrain,No junction,Asphalt roads,Dry,Daylight,Normal,Vehicle with vehicle collision,2,2,Other,Passenger,Female,18-30,2,Not a Pedestrian,Driving under the influence of drugs,Slight Injury,evening
4445,Thursday,Over 51,Male,Junior high school,Owner,Above 10yr,Other,Owner, Church areas,Two-way (divided with broken lines road marking),Tangent road with flat terrain,No junction,Asphalt roads,Dry,Daylight,Normal,Vehicle with vehicle collision,2,2,Reversing,Driver or rider,Male,18-30,3,Not a Pedestrian,Changing lane to the right,Slight Injury,evening
4446,Friday,31-50,Male,High school,Employee,5-10yr,Taxi,Owner,Office areas,Two-way (divided with broken lines road marking),Tangent road with flat terrain,No junction,Asphalt roads,Dry,Daylight,Normal,Vehicle with vehicle collision,2,3,Other,na,na,na,na,Not a Pedestrian,Changing lane to the left,Slight Injury,evening
4447,Friday,31-50,Male,High school,Owner,2-5yr,Lorry (11?40Q),Owner,Other,Two-way (divided with broken lines road marking),Tangent road with flat terrain,No junction,Asphalt roads,Dry,Daylight,Normal,Collision with roadside objects,2,3,Other,Passenger,Female,Over 51,3,Not a Pedestrian,No distancing,Slight Injury,evening
4448,Friday,31-50,Male,Junior high school,Employee,5-10yr,Automobile,Owner,Office areas,Double carriageway (median),Tangent road with flat terrain,No junction,Asphalt roads,Dry,Daylight,Normal,Vehicle with vehicle collision,2,3,Reversing,Driver or rider,Female,18-30,3,Not a Pedestrian,No distancing,Slight Injury,evening