,Day_of_week,Age_band_of_driver,Sex_of_driver,Educational_level,Vehicle_driver_relation,Driving_experience,Type_of_vehicle,Owner_of_vehicle,Area_accident_occured,Lanes_or_Medians,Road_allignment,Types_of_Junction,Road_surface_type,Road_surface_conditions,Light_conditions,Weather_conditions,Type_of_collision,Number_of_vehicles_involved,Number_of_casualties,Vehicle_movement,Casualty_class,Sex_of_casualty,Age_band_of_casualty,Casualty_severity,Pedestrian_movement,Cause_of_accident,Accident_severity,Time_Category
8646,Friday,18-30,Male,Junior high school,Employee,2-5yr,Other,Governmental,Residential areas,other,Tangent road with flat terrain,Crossing,Asphalt roads,Dry,Darkness - lights lit,Normal,Vehicle with vehicle collision,2,1,Going straight,Driver or rider,Female,5,3,Not a Pedestrian,Driving to the left,Serious Injury,night
8647,Friday,31-50,Male,Junior high school,Employee,1-2yr,Lorry (41?100Q),Owner,School areas,other,Tangent road with flat terrain,Crossing,Asphalt roads,Dry,Darkness - lights lit,Normal,Collision with pedestrians,2,1,Other,na,na,na,na,Not a Pedestrian,Overtaking,Serious Injury,night
8648,Sunday,18-30,Male,Junior high school,Employee,5-10yr,Lorry (41?100Q),Owner, Church areas,Two-way (divided with broken lines road marking),Tangent road with flat terrain,Crossing,Asphalt roads,Dry,Daylight,Normal,Collision with pedestrians,2,1,Going straight,na,na,na,na,Not a Pedestrian,No distancing,Slight Injury,evening
8649,Sunday,31-50,Male,Junior high school,Employee,5-10yr,Long lorry,Owner,Other,other,Tangent road with flat terrain,Crossing,Other,Dry,Daylight,Normal,Vehicle with vehicle collision,2,1,Going straight,Driver or rider,Male,Over 51,3,Not a Pedestrian,Driving carelessly,Slight Injury,evening
8650,Tuesday,18-30,Male,Elementary school,Owner,2-5yr,Stationwagen,Owner,Other,Two-way (divided with broken lines road marking),Tangent road with flat terrain,No junction,Gravel roads,Dry,Daylight,Normal,Vehicle with vehicle collision,1,1,Going straight,Driver or rider,Male,18-30,3,Not a Pedestrian,No priority to vehicle,Serious Injury,morning
8651,Tuesday,18-30,Male,Elementary school,Employee,Below 1yr,Public (12 seats),Owner,Office areas,Undivided Two way,Tangent road with flat terrain,Y Shape,Gravel roads,Dry,Daylight,Normal,Collision with roadside objects,2,2,Going straight,Driver or rider,Male,18-30,3,Not a Pedestrian,No priority to vehicle,Serious Injury,evening
8652,Tuesday,18-30,Male,Junior high school,Employee,5-10yr,Automobile,Owner,Office areas,Two-way (divided with broken lines road marking),Tangent road with flat terrain,Y Shape,Asphalt roads,Dry,Daylight,Normal,Vehicle with vehicle collision,2,2,Overtaking,Driver or rider,Female,18-30,3,Not a Pedestrian,No priority to vehicle,Serious Injury,evening
8653,Tuesday,Over 51,Male,Junior high school,Employee,Above 10yr,Public (12 seats),Owner,Other,Undivided Two way,Tangent road with flat terrain,Y Shape,Asphalt roads,Dry,Daylight,Normal,Vehicle with vehicle collision,3,3,Going straight,na,na,na,na,Not a Pedestrian,No priority to vehicle,Slight Injury,morning
8654,Tuesday,31-50,Male,High school,Employee,1-2yr,Lorry (41?100Q),Owner, Hospital areas,Undivided Two way,Tangent road with flat terrain,Y Shape,Earth roads,Dry,Daylight,Normal,Vehicle with vehicle collision,3,3,Going straight,na,na,na,na,Not a Pedestrian,No distancing,Slight Injury,morning
8655,Tuesday,Over 51,Male,Junior high school,Owner,5-10yr,Automobile,Owner,Other,Undivided Two way,Tangent road with flat terrain,Y Shape,Asphalt roads,Dry,Daylight,Normal,Vehicle with vehicle collision,3,3,Going straight,na,na,na,na,Not a Pedestrian,Moving Backward,Slight Injury,morning
8656,Thursday,18-30,Male,Junior high school,Employee,1-2yr,Lorry (41?100Q),Owner,Other,Two-way (divided with broken lines road marking),Tangent road with flat terrain,Y Shape,Asphalt roads,Dry,Daylight,Normal,Collision with roadside objects,2,1,Turnover,Driver or rider,Male,31-50,3,Not a Pedestrian,No distancing,Serious Injury,afternoon
8657,Thursday,Under 18,Male,Junior high school,Employee,Above 10yr,Lorry (41?100Q),Owner,Other,Undivided Two way,Tangent road with flat terrain,Y Shape,Asphalt roads,Dry,Daylight,Normal,Vehicle with vehicle collision,2,1,Going straight,na,na,na,na,Not a Pedestrian,Changing lane to the left,Serious Injury,afternoon
8658,Friday,18-30,Male,Junior high school,Employee,Below 1yr,Pick up upto 10Q,Owner,Other,Double carriageway (median),Tangent road with flat terrain,No junction,Asphalt roads,Dry,Daylight,Normal,Vehicle with vehicle collision,1,1,Going straight,Driver or rider,Male,31-50,3,Not a Pedestrian,Changing lane to the left,Slight Injury,afternoon
8659,Friday,18-30,Male,Elementary school,Employee,2-5yr,Other,Governmental,Other,Two-way (divided with broken lines road marking),Tangent road with mild grade and flat terrain,Crossing,Earth roads,Dry,Daylight,Normal,Collision with roadside objects,3,5,Getting off,Driver or rider,Male,31-50,2,Not a Pedestrian,No priority to pedestrian,Serious Injury,evening
8660,Friday,18-30,Male,Junior high school,Employee,5-10yr,Automobile,Owner, Hospital areas,Two-way (divided with broken lines road marking),Tangent road with flat terrain,Crossing,Asphalt roads,Dry,Daylight,Normal,Vehicle with vehicle collision,3,5,Moving Backward,na,na,na,na,Not a Pedestrian,Moving Backward,Serious Injury,evening
8661,Friday,18-30,Male,Elementary school,Employee,5-10yr,Automobile,Owner,Other,Two-way (divided with broken lines road marking),Tangent road with flat terrain,Crossing,Asphalt roads,Dry,Daylight,Normal,Collision with roadside objects,3,5,Getting off,na,na,na,na,Not a Pedestrian,Changing lane to the left,Serious Injury,evening
8662,Friday,31-50,Male,Junior high school,Owner,1-2yr,Lorry (11?40Q),Owner,Other,One way,Tangent road with flat terrain,Crossing,Asphalt roads,Dry,Daylight,Normal,Vehicle with vehicle collision,3,5,Overtaking,Driver or rider,Female,31-50,3,Not a Pedestrian,No distancing,Serious Injury,evening
8663,Friday,31-50,Male,Junior high school,Employee,5-10yr,Bajaj,Owner,Other,Two-way (divided with broken lines road marking),Tangent road with mild grade and flat terrain,Crossing,Asphalt roads,Dry,Daylight,Normal,Vehicle with vehicle collision,3,5,Going straight,Driver or rider,Male,31-50,3,Not a Pedestrian,No priority to vehicle,Serious Injury,evening
8664,Friday,31-50,Male,Unknown,Other,5-10yr,Automobile,Owner,Office areas,Two-way (divided with broken lines road marking),Tangent road with flat terrain,Crossing,Asphalt roads,Dry,Daylight,Normal,Vehicle with vehicle collision,3,5,Going straight,na,na,na,na,Not a Pedestrian,Changing lane to the right,Serious Injury,evening
8665,Friday,31-50,Male,High school,Employee,2-5yr,Lorry (41?100Q),Owner,Residential areas,Two-way (divided with broken lines road marking),Tangent road with flat terrain,Crossing,Asphalt roads,Dry,Daylight,Normal,Vehicle with vehicle collision,3,5,Going straight,Passenger,Female,Over 51,3,Not a Pedestrian,No distancing,Serious Injury,evening
8666,Tuesday,Under 18,Male,Junior high school,Employee,1-2yr,Lorry (11?40Q),Owner,Other,Two-way (divided with broken lines road marking),Tangent road with flat terrain,No junction,Asphalt roads,Wet or damp,Daylight,Normal,Vehicle with vehicle collision,2,1,Reversing,Driver or rider,Male,18-30,3,Not a Pedestrian,No distancing,Slight Injury,evening
8667,Tuesday,Over 51,Male,Junior high school,Employee,5-10yr,Lorry (11?40Q),Owner,Residential areas,Two-way (divided with broken lines road marking),Tangent road with flat terrain,No junction,Asphalt roads,Wet or damp,Daylight,Normal,Vehicle with vehicle collision,2,1,Getting off,na,na,na,na,Not a Pedestrian,Getting off the vehicle improperly,Slight Injury,evening
8668,Monday,18-30,Male,Junior high school,Employee,2-5yr,Automobile,Owner,Other,Undivided Two way,Tangent road with flat terrain,Y Shape,Asphalt roads,Dry,Daylight,Normal,Vehicle with vehicle collision,2,1,Going straight,Driver or rider,Male,31-50,3,Not a Pedestrian,No priority to pedestrian,Slight Injury,night
8669,Monday,31-50,Male,Junior high school,Employee,No Licence,Automobile,Owner,Residential areas,Double carriageway (median),Tangent road with flat terrain,Y Shape,Asphalt roads,Dry,Daylight,Normal,Vehicle with vehicle collision,2,1,Going straight,na,na,na,na,Not a Pedestrian,Changing lane to the left,Slight Injury,night
8670,Sunday,18-30,Male,Junior high school,Employee,Above 10yr,Automobile,Owner,Office areas,Two-way (divided with broken lines road marking),Tangent road with flat terrain,No junction,Earth roads,Dry,Darkness - lights lit,Normal,Collision with pedestrians,2,2,Going straight,Driver or rider,Male,18-30,3,Not a Pedestrian,No distancing,Serious Injury,night
8671,Sunday,Over 51,Male,Junior high school,Employee,Above 10yr,Public (13?45 seats),Owner,Office areas,Two-way (divided with broken lines road marking),Tangent road with mild grade and flat terrain,No junction,Asphalt roads,Dry,Darkness - lights lit,Normal,Collision with roadside objects,2,2,Reversing,na,na,na,na,Not a Pedestrian,Driving carelessly,Serious Injury,night
8672,Friday,18-30,Male,Junior high school,Employee,5-10yr,Public (12 seats),Owner,Office areas,Double carriageway (median),Tangent road with flat terrain,Y Shape,Asphalt roads,Dry,Daylight,Normal,Vehicle with vehicle collision,2,1,Going straight,Driver or rider,Male,31-50,3,Not a Pedestrian,No distancing,Slight Injury,afternoon
8673,Friday,31-50,Male,High school,Employee,2-5yr,Other,Owner,  Recreational areas,Two-way (divided with broken lines road marking),Tangent road with flat terrain,Y Shape,Asphalt roads,Dry,Daylight,Normal,Vehicle with vehicle collision,2,1,Stopping,na,na,na,na,Not a Pedestrian,Changing lane to the right,Slight Injury,afternoon
8674,Saturday,18-30,Male,High school,Owner,2-5yr,Automobile,Owner,Other,Two-way (divided with broken lines road marking),Tangent road with flat terrain,Crossing,Asphalt roads,Dry,Darkness - lights lit,Normal,Collision with roadside objects,2,2,Overtaking,Driver or rider,Female,31-50,3,Not a Pedestrian,Overtaking,Slight Injury,night
8675,Saturday,18-30,Male,Junior high school,Employee,Below 1yr,Automobile,Owner,Other,other,Tangent road with flat terrain,Crossing,Earth roads,Dry,Darkness - lights lit,Normal,Vehicle with vehicle collision,2,2,Going straight,na,na,na,na,Not a Pedestrian,Driving carelessly,Slight Injury,night
8676,Tuesday,31-50,Male,Junior high school,Owner,Above 10yr,Public (13?45 seats),Owner,Other,Two-way (divided with broken lines road marking),Tangent road with flat terrain,Y Shape,Asphalt roads,Dry,Daylight,Normal,Vehicle with vehicle collision,2,1,Reversing,Driver or rider,Male,18-30,3,Not a Pedestrian,Moving Backward,Slight Injury,morning
8677,Tuesday,31-50,Male,Junior high school,Employee,Above 10yr,Public (13?45 seats),Owner,Other,Double carriageway (median),Tangent road with flat terrain,Y Shape,Asphalt roads,Dry,Daylight,Normal,Collision with pedestrians,2,1,Going straight,na,na,na,na,Not a Pedestrian,No distancing,Slight Injury,morning
8678,Tuesday,18-30,Male,Elementary school,Employee,2-5yr,Automobile,Owner,Other,Undivided Two way,Tangent road with mountainous terrain and,Y Shape,Asphalt roads,Dry,Daylight,Normal,Vehicle with vehicle collision,2,3,Going straight,Driver or rider,Male,18-30,3,Not a Pedestrian,Overtaking,Slight Injury,afternoon
8679,Tuesday,18-30,Male,Junior high school,Employee,2-5yr,Other,Owner,Office areas,Two-way (divided with broken lines road marking),Tangent road with flat terrain,Y Shape,Asphalt roads,Dry,Daylight,Normal,Collision with pedestrians,2,3,Reversing,Pedestrian,Male,Over 51,3,Not a Pedestrian,Driving carelessly,Slight Injury,afternoon
8680,Tuesday,18-30,Male,Unknown,Employee,Above 10yr,Pick up upto 10Q,Owner,Office areas,Two-way (divided with broken lines road marking),Tangent road with flat terrain,Y Shape,Asphalt roads,Dry,Daylight,Normal,Vehicle with vehicle collision,2,3,Going straight,Passenger,Male,18-30,3,Not a Pedestrian,Driving carelessly,Slight Injury,afternoon
8681,Monday,18-30,Male,Elementary school,Employee,5-10yr,Lorry (41?100Q),Owner,Office areas,One way,Tangent road with flat terrain,Crossing,Asphalt roads,Wet or damp,Darkness - lights lit,Normal,Vehicle with vehicle collision,2,3,Waiting to go,Passenger,Female,31-50,3,Not a Pedestrian,Moving Backward,Slight Injury,night
8682,Monday,18-30,Male,Junior high school,Employee,Below 1yr,Automobile,Owner,Residential areas,Double carriageway (median),Tangent road with flat terrain,Crossing,Asphalt roads,Wet or damp,Darkness - lights lit,Normal,Collision with roadside objects,2,3,Going straight,Passenger,Female,Under 18,3,Not a Pedestrian,Driving carelessly,Slight Injury,night
8683,Monday,18-30,Male,Elementary school,Employee,Below 1yr,Automobile,Governmental,  Recreational areas,Two-way (divided with broken lines road marking),Tangent road with flat terrain,Crossing,Asphalt roads,Wet or damp,Darkness - lights lit,Normal,Vehicle with vehicle collision,2,3,Going straight,na,na,na,na,Not a Pedestrian,Driving to the left,Slight Injury,night
8684,Friday,Unknown,Female,Junior high school,Employee,Below 1yr,Lorry (41?100Q),Owner, Church areas,Double carriageway (median),Tangent road with flat terrain,Y Shape,Other,Dry,Daylight,Normal,Vehicle with vehicle collision,3,1,Going straight,Pedestrian,Male,18-30,3,Crossing from offside - masked by  parked or statioNot a Pedestrianry vehicle,Changing lane to the left,Serious Injury,afternoon
8685,Friday,31-50,Male,Junior high school,Employee,5-10yr,Automobile,Owner,Office areas,Undivided Two way,Tangent road with flat terrain,Y Shape,Asphalt roads,Dry,Daylight,Normal,Vehicle with vehicle collision,3,1,Going straight,Pedestrian,Male,31-50,3,Unknown or other,No distancing,Serious Injury,afternoon
8686,Friday,31-50,Male,Junior high school,Owner,5-10yr,Other,Owner,Other,Two-way (divided with broken lines road marking),Tangent road with flat terrain,Y Shape,Asphalt roads,Dry,Daylight,Normal,Collision with pedestrians,3,1,Getting off,na,na,na,na,Not a Pedestrian,No distancing,Serious Injury,afternoon
8687,Saturday,31-50,Male,High school,Owner,5-10yr,Automobile,Owner,Residential areas,other,Steep grade downward with mountainous terrain,Y Shape,Asphalt roads,Dry,Daylight,Normal,Collision with roadside objects,2,3,Going straight,Driver or rider,Male,Over 51,3,Not a Pedestrian,Changing lane to the right,Slight Injury,morning
8688,Saturday,31-50,Male,Junior high school,Employee,5-10yr,Automobile,Owner,School areas,other,Tangent road with flat terrain,Y Shape,Asphalt roads,Dry,Daylight,Normal,Collision with pedestrians,2,3,Going straight,na,na,na,na,Not a Pedestrian,Driving under the influence of drugs,Slight Injury,morning
8689,Saturday,18-30,Male,Junior high school,Employee,2-5yr,Automobile,Owner,Office areas,Two-way (divided with broken lines road marking),Tangent road with flat terrain,Y Shape,Asphalt roads,Dry,Daylight,Normal,Vehicle with vehicle collision,2,3,Going straight,Pedestrian,Male,Under 18,3,Not a Pedestrian,Changing lane to the right,Slight Injury,morning
8690,Tuesday,18-30,Male,Elementary school,Employee,5-10yr,Automobile,Owner,Other,other,Tangent road with flat terrain,Y Shape,Asphalt roads,Dry,Daylight,Normal,Vehicle with vehicle collision,2,1,Reversing,na,na,na,na,Not a Pedestrian,Changing lane to the left,Serious Injury,evening
8691,Tuesday,18-30,Male,Junior high school,Employee,2-5yr,Lorry (41?100Q),Owner,Other,Two-way (divided with broken lines road marking),Tangent road with flat terrain,Y Shape,Asphalt roads,Dry,Daylight,Normal,Vehicle with vehicle collision,2,1,Turnover,Driver or rider,Male,18-30,3,Not a Pedestrian,Moving Backward,Serious Injury,evening
8692,Monday,31-50,Male,Junior high school,Employee,Below 1yr,Other,Organization,Office areas,Two-way (divided with broken lines road marking),Tangent road with mountainous terrain and,Y Shape,Earth roads,Dry,Daylight,Normal,Vehicle with vehicle collision,1,1,Going straight,Pedestrian,Male,18-30,3,Not a Pedestrian,No distancing,Slight Injury,afternoon
8693,Wednesday,Under 18,Male,Elementary school,Employee,2-5yr,Pick up upto 10Q,Owner,Office areas,Two-way (divided with broken lines road marking),Tangent road with flat terrain,Y Shape,Asphalt roads,Wet or damp,Daylight,Raining,Vehicle with vehicle collision,2,1,Going straight,Pedestrian,Female,18-30,3,Not a Pedestrian,Changing lane to the right,Serious Injury,afternoon
8694,Wednesday,Over 51,Male,Junior high school,Employee,2-5yr,Stationwagen,Owner,Other,Undivided Two way,Tangent road with flat terrain,Y Shape,Asphalt roads,Wet or damp,Daylight,Raining,Collision with roadside objects,2,1,Going straight,Driver or rider,Male,18-30,3,Not a Pedestrian,Moving Backward,Serious Injury,afternoon
8695,Tuesday,Over 51,Male,Junior high school,Employee,2-5yr,Other,Owner,Office areas,Two-way (divided with broken lines road marking),Tangent road with flat terrain,No junction,Asphalt roads,Dry,Daylight,Normal,Collision with roadside objects,1,1,Going straight,na,na,na,na,Not a Pedestrian,No distancing,Serious Injury,afternoon
8696,Tuesday,Unknown,Female,Junior high school,Employee,5-10yr,Pick up upto 10Q,Owner, Industrial areas,Two-way (divided with broken lines road marking),Tangent road with flat terrain,No junction,Asphalt roads,Dry,Daylight,Normal,Vehicle with vehicle collision,1,1,Getting off,Pedestrian,Male,31-50,3,Not a Pedestrian,Driving to the left,Serious Injury,evening
8697,Wednesday,Under 18,Male,Junior high school,Employee,5-10yr,Stationwagen,Owner,Office areas,Undivided Two way,Tangent road with flat terrain,Crossing,Asphalt roads,Wet or damp,Darkness - lights lit,Raining,Vehicle with vehicle collision,2,1,Going straight,Driver or rider,Male,31-50,3,Not a Pedestrian,Driving to the left,Slight Injury,night
8698,Wednesday,31-50,Male,Junior high school,Employee,5-10yr,Lorry (41?100Q),Owner,Other,Undivided Two way,Tangent road with flat terrain,Crossing,Asphalt roads,Wet or damp,Darkness - lights lit,Raining,Vehicle with vehicle collision,2,1,Going straight,na,na,na,na,Not a Pedestrian,Moving Backward,Slight Injury,night
8699,Thursday,18-30,Male,Junior high school,Owner,5-10yr,Automobile,Owner,Other,Two-way (divided with broken lines road marking),Tangent road with flat terrain,No junction,Asphalt roads,Dry,Daylight,Normal,Vehicle with vehicle collision,3,2,Going straight,Driver or rider,Male,18-30,3,Not a Pedestrian,Moving Backward,Slight Injury,afternoon
8700,Thursday,Over 51,Male,Junior high school,Employee,2-5yr,Automobile,Owner,Office areas,Two-way (divided with broken lines road marking),Tangent road with flat terrain,No junction,Asphalt roads,Dry,Daylight,Normal,Vehicle with vehicle collision,3,2,Going straight,na,na,na,na,Not a Pedestrian,Overtaking,Slight Injury,afternoon
8701,Thursday,31-50,Male,Junior high school,Employee,Below 1yr,Automobile,Owner, Church areas,Two-way (divided with broken lines road marking),Tangent road with flat terrain,No junction,Asphalt roads,Dry,Daylight,Normal,Vehicle with vehicle collision,3,2,Going straight,Driver or rider,Male,31-50,3,Not a Pedestrian,Driving carelessly,Slight Injury,afternoon
8702,Saturday,18-30,Male,Junior high school,Employee,1-2yr,Automobile,Owner,Office areas,other,Tangent road with flat terrain,Y Shape,Asphalt roads,Dry,Darkness - lights lit,Unknown,Vehicle with vehicle collision,2,1,Going straight,na,na,na,na,Not a Pedestrian,Changing lane to the left,Slight Injury,night
8703,Saturday,Unknown,Female,Junior high school,Employee,Below 1yr,Turbo,Owner,Residential areas,other,Tangent road with flat terrain,Y Shape,Asphalt roads,Dry,Darkness - lights lit,Unknown,Vehicle with vehicle collision,2,1,Going straight,Driver or rider,Male,31-50,3,Not a Pedestrian,Driving under the influence of drugs,Slight Injury,night
8704,Thursday,18-30,Male,Junior high school,Employee,Above 10yr,Automobile,Owner,  Recreational areas,Two-way (divided with broken lines road marking),Tangent road with flat terrain,Y Shape,Asphalt roads,Dry,Daylight,Normal,Vehicle with vehicle collision,2,1,Going straight,Passenger,Female,18-30,3,Not a Pedestrian,No distancing,Serious Injury,afternoon
8705,Thursday,Over 51,Male,Junior high school,Employee,Below 1yr,Stationwagen,Governmental,Other,other,Tangent road with flat terrain,Y Shape,Asphalt roads,Dry,Daylight,Normal,Vehicle with vehicle collision,2,1,Going straight,Driver or rider,Female,31-50,3,Not a Pedestrian,Moving Backward,Serious Injury,afternoon
8706,Wednesday,18-30,Male,Junior high school,Employee,2-5yr,Automobile,Owner, Church areas,Undivided Two way,Tangent road with flat terrain,Y Shape,Asphalt roads,Dry,Daylight,Normal,Other,2,1,Going straight,na,na,na,na,Not a Pedestrian,Changing lane to the left,Slight Injury,morning
8707,Wednesday,18-30,Male,Junior high school,Employee,1-2yr,Automobile,Owner,Other,One way,Tangent road with flat terrain,Y Shape,Asphalt roads,Dry,Daylight,Normal,Vehicle with vehicle collision,2,1,Reversing,na,na,na,na,Not a Pedestrian,Changing lane to the right,Slight Injury,morning
8708,Tuesday,31-50,Male,Elementary school,Employee,5-10yr,Automobile,Owner,Other,Two-way (divided with broken lines road marking),Tangent road with flat terrain,Unknown,Earth roads,Wet or damp,Darkness - lights lit,Raining,Collision with roadside objects,1,1,Going straight,Driver or rider,Male,18-30,3,Not a Pedestrian,No distancing,Serious Injury,night
8709,Tuesday,31-50,Male,Junior high school,Owner,Below 1yr,Pick up upto 10Q,Owner, Church areas,Undivided Two way,Tangent road with flat terrain,No junction,Asphalt roads,Wet or damp,Daylight,Normal,Vehicle with vehicle collision,1,1,Turnover,Driver or rider,Male,Over 51,3,Not a Pedestrian,Driving at high speed,Serious Injury,morning
8710,Friday,18-30,Male,Junior high school,Employee,Below 1yr,Lorry (41?100Q),Owner,Office areas,Two-way (divided with broken lines road marking),Tangent road with mild grade and flat terrain,Crossing,Asphalt roads,Dry,Daylight,Normal,Vehicle with vehicle collision,1,1,Going straight,na,na,na,na,Not a Pedestrian,Changing lane to the right,Slight Injury,morning
8711,Wednesday,31-50,Male,Writing & reading,Employee,Below 1yr,Lorry (41?100Q),Owner,Office areas,Double carriageway (median),Tangent road with flat terrain,Y Shape,Asphalt roads,Dry,Daylight,Normal,Vehicle with vehicle collision,2,1,Going straight,Driver or rider,Male,31-50,3,Not a Pedestrian,No priority to vehicle,Slight Injury,morning
8712,Wednesday,31-50,Male,Junior high school,Employee,1-2yr,Automobile,Organization, Church areas,Two-way (divided with broken lines road marking),Tangent road with flat terrain,Y Shape,Asphalt roads,Dry,Daylight,Normal,Vehicle with vehicle collision,2,1,Going straight,Driver or rider,Male,18-30,3,Not a Pedestrian,No distancing,Slight Injury,morning
8713,Sunday,31-50,Male,Elementary school,Owner,5-10yr,Lorry (41?100Q),Organization,Other,Undivided Two way,Tangent road with mountainous terrain and,No junction,Asphalt roads,Dry,Daylight,Normal,Vehicle with vehicle collision,2,1,Going straight,Driver or rider,Male,31-50,3,Not a Pedestrian,Turnover,Slight Injury,morning
8714,Sunday,18-30,Male,Junior high school,Employee,2-5yr,Lorry (41?100Q),Owner,Other,Undivided Two way,Tangent road with flat terrain,No junction,Asphalt roads,Dry,Daylight,Normal,Vehicle with vehicle collision,2,1,Reversing,na,na,na,na,Not a Pedestrian,No distancing,Slight Injury,morning
8715,Friday,Unknown,Female,Junior high school,Owner,Below 1yr,Lorry (41?100Q),Owner, Church areas,Undivided Two way,Tangent road with flat terrain,Y Shape,Asphalt roads,Dry,Darkness - lights lit,Normal,Collision with roadside objects,2,1,Going straight,Driver or rider,Male,18-30,3,Not a Pedestrian,Changing lane to the right,Slight Injury,night
8716,Friday,18-30,Male,Writing & reading,Employee,5-10yr,Lorry (41?100Q),Owner, Industrial areas,Two-way (divided with broken lines road marking),Tangent road with mild grade and flat terrain,Y Shape,Asphalt roads,Dry,Darkness - lights lit,Normal,Collision with roadside objects,2,1,Turnover,na,na,na,na,Not a Pedestrian,No distancing,Slight Injury,night
8717,Tuesday,31-50,Male,Writing & reading,Employee,5-10yr,Automobile,Owner,Office areas,Undivided Two way,Tangent road with flat terrain,No junction,Asphalt roads,Dry,Daylight,Normal,Vehicle with vehicle collision,2,2,Going straight,Pedestrian,Male,31-50,3,Not a Pedestrian,Changing lane to the left,Slight Injury,afternoon
8718,Tuesday,31-50,Male,Junior high school,Employee,5-10yr,Automobile,Owner,School areas,Undivided Two way,Tangent road with flat terrain,No junction,Asphalt roads,Dry,Daylight,Normal,Collision with roadside objects,2,2,Going straight,Pedestrian,Female,18-30,3,Unknown or other,Driving carelessly,Slight Injury,afternoon
8719,Saturday,18-30,Male,Junior high school,Employee,2-5yr,Automobile,Owner,Other,Undivided Two way,Tangent road with flat terrain,Y Shape,Asphalt roads,Dry,Daylight,Normal,Collision with roadside objects,2,1,Going straight,Pedestrian,Female,18-30,3,Unknown or other,Changing lane to the right,Serious Injury,evening
8720,Saturday,Over 51,Male,Junior high school,Employee,Above 10yr,Public (13?45 seats),Owner, Church areas,One way,Tangent road with flat terrain,Y Shape,Gravel roads,Dry,Daylight,Normal,Vehicle with vehicle collision,2,1,Going straight,Driver or rider,Male,18-30,3,Not a Pedestrian,No priority to vehicle,Serious Injury,evening
8721,Wednesday,31-50,Male,Junior high school,Employee,5-10yr,Automobile,Owner,Office areas,Undivided Two way,Tangent road with flat terrain,Y Shape,Asphalt roads,Dry,Daylight,Normal,Vehicle with vehicle collision,2,1,Going straight,na,na,na,na,Not a Pedestrian,No distancing,Slight Injury,afternoon
8722,Wednesday,18-30,Male,Junior high school,Employee,Above 10yr,Public (13?45 seats),Owner,Other,other,Steep grade downward with mountainous terrain,Y Shape,Asphalt roads,Dry,Daylight,Normal,Collision with roadside objects,2,1,Getting off,Driver or rider,Female,18-30,3,Not a Pedestrian,No priority to pedestrian,Slight Injury,afternoon
8723,Friday,Over 51,Male,Junior high school,Employee,2-5yr,Public (13?45 seats),Owner,Other,other,Tangent road with flat terrain,Y Shape,Asphalt roads,Dry,Daylight,Normal,Vehicle with vehicle collision,2,1,Moving Backward,na,na,na,na,Not a Pedestrian,No priority to pedestrian,Slight Injury,morning
8724,Friday,31-50,Male,Junior high school,Employee,Below 1yr,Automobile,Owner,Other,Two-way (divided with broken lines road marking),Tangent road with flat terrain,Y Shape,Asphalt roads,Dry,Daylight,Normal,Vehicle with vehicle collision,2,1,Going straight,na,na,na,na,Not a Pedestrian,No priority to vehicle,Slight Injury,morning
8725,Friday,31-50,Male,Junior high school,Employee,Below 1yr,Lorry (11?40Q),Owner,Other,One way,Tangent road with flat terrain,Crossing,Asphalt roads,Dry,Daylight,Normal,Vehicle with vehicle collision,1,1,Turnover,Driver or rider,Male,31-50,3,Not a Pedestrian,Changing lane to the left,Slight Injury,afternoon
8726,Wednesday,Over 51,Male,Junior high school,Owner,5-10yr,Automobile,Owner, Church areas,Two-way (divided with broken lines road marking),Tangent road with mild grade and flat terrain,Y Shape,Asphalt roads,Wet or damp,Daylight,Raining,Vehicle with vehicle collision,1,1,Going straight,Driver or rider,Male,18-30,3,Not a Pedestrian,Changing lane to the left,Slight Injury,morning
8727,Tuesday,18-30,Male,Junior high school,Employee,2-5yr,Lorry (41?100Q),Governmental,Residential areas,Two-way (divided with broken lines road marking),Tangent road with flat terrain,No junction,Asphalt roads,Wet or damp,Darkness - lights lit,Normal,Vehicle with vehicle collision,2,2,Going straight,na,na,na,na,Not a Pedestrian,No distancing,Serious Injury,night
8728,Tuesday,18-30,Male,Elementary school,Employee,Below 1yr,Other,Owner,Office areas,Two-way (divided with broken lines road marking),Tangent road with mild grade and flat terrain,No junction,Asphalt roads,Wet or damp,Darkness - lights lit,Normal,Vehicle with vehicle collision,2,2,Going straight,Driver or rider,Male,18-30,3,Not a Pedestrian,No priority to vehicle,Serious Injury,night
8729,Friday,Over 51,Male,Junior high school,Employee,2-5yr,Pick up upto 10Q,Owner,Other,Two-way (divided with broken lines road marking),Tangent road with flat terrain,No junction,Asphalt roads,Dry,Daylight,Normal,Collision with pedestrians,3,5,Going straight,na,na,na,na,Not a Pedestrian,No distancing,Slight Injury,morning
8730,Friday,Over 51,Male,Junior high school,Employee,5-10yr,Lorry (11?40Q),Owner,Office areas,Two-way (divided with broken lines road marking),Tangent road with mild grade and flat terrain,No junction,Asphalt roads,Dry,Daylight,Normal,Vehicle with vehicle collision,3,5,Going straight,Driver or rider,Male,18-30,3,Not a Pedestrian,No distancing,Slight Injury,morning
8731,Friday,31-50,Male,High school,Employee,Above 10yr,Motorcycle,Owner,Other,Two-way (divided with broken lines road marking),Tangent road with flat terrain,No junction,Asphalt roads,Dry,Daylight,Normal,Collision with roadside objects,3,5,Going straight,Passenger,Female,18-30,3,Not a Pedestrian,Changing lane to the right,Slight Injury,morning