,Day_of_week,Age_band_of_driver,Sex_of_driver,Educational_level,Vehicle_driver_relation,Driving_experience,Type_of_vehicle,Owner_of_vehicle,Area_accident_occured,Lanes_or_Medians,Road_allignment,Types_of_Junction,Road_surface_type,Road_surface_conditions,Light_conditions,Weather_conditions,Type_of_collision,Number_of_vehicles_involved,Number_of_casualties,Vehicle_movement,Casualty_class,Sex_of_casualty,Age_band_of_casualty,Casualty_severity,Pedestrian_movement,Cause_of_accident,Accident_severity,Time_Category
10695,Tuesday,18-30,Male,Junior high school,Employee,Above 10yr,Lorry (41?100Q),Owner,Residential areas,Two-way (divided with broken lines road marking),Tangent road with flat terrain,Y Shape,Asphalt roads,Dry,Daylight,Normal,Vehicle with vehicle collision,1,1,Going straight,Driver or rider,Male,18-30,2,Not a Pedestrian,No priority to vehicle,Slight Injury,morning
10696,Wednesday,31-50,Male,Junior high school,Employee,Below 1yr,Lorry (11?40Q),Owner,Other,Two-way (divided with broken lines road marking),Tangent road with flat terrain,Y Shape,Asphalt roads,Wet or damp,Daylight,Raining,Vehicle with vehicle collision,2,4,Reversing,Passenger,Male,5,2,Not a Pedestrian,No priority to vehicle,Slight Injury,afternoon
10697,Wednesday,31-50,Male,Junior high school,Other,Below 1yr,Lorry (11?40Q),Owner,Residential areas,Two-way (divided with broken lines road marking),Tangent road with flat terrain,Y Shape,Asphalt roads,Wet or damp,Daylight,Raining,Vehicle with vehicle collision,2,4,Getting off,na,na,na,na,Not a Pedestrian,No priority to vehicle,Slight Injury,morning
10698,Wednesday,18-30,Male,Junior high school,Employee,Above 10yr,Automobile,Owner,Other,Undivided Two way,Tangent road with flat terrain,Y Shape,Asphalt roads,Wet or damp,Daylight,Raining,Collision with roadside objects,2,4,Going straight,Driver or rider,Male,18-30,3,Not a Pedestrian,No priority to vehicle,Slight Injury,morning
10699,Wednesday,18-30,Male,High school,Owner,5-10yr,Automobile,Owner,Residential areas,Double carriageway (median),Tangent road with flat terrain,Y Shape,Asphalt roads,Wet or damp,Daylight,Raining,Collision with roadside objects,2,4,Going straight,na,na,na,na,Not a Pedestrian,No distancing,Slight Injury,morning
10700,Tuesday,18-30,Male,Elementary school,Owner,5-10yr,Automobile,Owner,Office areas,Two-way (divided with broken lines road marking),Tangent road with flat terrain,Y Shape,Earth roads,Dry,Daylight,Normal,Vehicle with vehicle collision,1,1,Going straight,Driver or rider,Female,31-50,3,Not a Pedestrian,Moving Backward,Serious Injury,evening
10701,Friday,31-50,Male,Junior high school,Employee,2-5yr,Public (13?45 seats),Owner,Office areas,Two-way (divided with broken lines road marking),Tangent road with mild grade and flat terrain,Y Shape,Asphalt roads,Dry,Daylight,Unknown,Collision with roadside objects,1,1,Reversing,na,na,na,na,Not a Pedestrian,No distancing,Serious Injury,afternoon
10702,Friday,31-50,Male,Junior high school,Employee,2-5yr,Public (12 seats),Owner,Office areas,Double carriageway (median),Tangent road with flat terrain,Y Shape,Asphalt roads,Wet or damp,Darkness - no lighting,Raining,Collision with roadside objects,1,1,Going straight,na,na,na,na,Not a Pedestrian,Changing lane to the left,Serious Injury,afternoon
10703,Wednesday,18-30,Male,Above high school,Employee,5-10yr,Other,Owner,  Recreational areas,Two-way (divided with broken lines road marking),Tangent road with flat terrain,Y Shape,Asphalt roads,Dry,Daylight,Normal,Vehicle with vehicle collision,2,1,Stopping,Driver or rider,Female,Over 51,3,Not a Pedestrian,Changing lane to the left,Slight Injury,morning
10704,Wednesday,31-50,Male,Junior high school,Owner,2-5yr,Automobile,Owner,Other,Two-way (divided with broken lines road marking),Tangent road with flat terrain,Y Shape,Asphalt roads,Dry,Daylight,Normal,Vehicle with vehicle collision,2,1,Overtaking,Driver or rider,Male,Over 51,3,Not a Pedestrian,No priority to pedestrian,Slight Injury,morning
10705,Sunday,Unknown,Male,Junior high school,Employee,5-10yr,Automobile,Owner,Other,other,Tangent road with flat terrain,Y Shape,Earth roads,Dry,Daylight,Normal,Collision with roadside objects,2,1,Going straight,Passenger,Male,Over 51,3,Not a Pedestrian,Moving Backward,Slight Injury,morning
10706,Sunday,18-30,Male,Junior high school,Employee,2-5yr,Public (13?45 seats),Owner,Other,Two-way (divided with broken lines road marking),Tangent road with flat terrain,Y Shape,Asphalt roads,Dry,Daylight,Normal,Vehicle with vehicle collision,2,1,Reversing,na,na,na,na,Not a Pedestrian,Changing lane to the left,Slight Injury,morning
10707,Saturday,31-50,Male,Junior high school,Employee,5-10yr,Public (13?45 seats),Owner,Other,Double carriageway (median),Tangent road with flat terrain,Y Shape,Asphalt roads,Dry,Daylight,Normal,Vehicle with vehicle collision,1,1,Going straight,na,na,na,na,Not a Pedestrian,No distancing,Slight Injury,afternoon
10708,Wednesday,31-50,Male,Junior high school,Employee,2-5yr,Automobile,Owner,Other,Undivided Two way,Tangent road with mountainous terrain and,Y Shape,Asphalt roads,Wet or damp,Darkness - lights lit,Normal,Vehicle with vehicle collision,2,2,Going straight,na,na,na,na,Not a Pedestrian,No priority to vehicle,Slight Injury,evening
10709,Thursday,18-30,Male,Elementary school,Employee,1-2yr,Other,Owner,Office areas,Two-way (divided with broken lines road marking),Tangent road with flat terrain,Y Shape,Asphalt roads,Wet or damp,Darkness - lights lit,Normal,Vehicle with vehicle collision,2,2,Reversing,Driver or rider,Male,18-30,3,Not a Pedestrian,Changing lane to the right,Slight Injury,night
10710,Thursday,18-30,Male,High school,Employee,5-10yr,Pick up upto 10Q,Owner,Office areas,Two-way (divided with broken lines road marking),Tangent road with flat terrain,Y Shape,Asphalt roads,Dry,Daylight,Normal,Vehicle with vehicle collision,1,1,Going straight,Passenger,Male,Over 51,3,Not a Pedestrian,No distancing,Serious Injury,night
10711,Thursday,18-30,Male,Junior high school,Owner,1-2yr,Lorry (41?100Q),Owner,Office areas,One way,Tangent road with flat terrain,Y Shape,Asphalt roads,Dry,Daylight,Normal,Vehicle with vehicle collision,2,1,Waiting to go,na,na,na,na,Not a Pedestrian,No distancing,Slight Injury,night
10712,Friday,31-50,Male,Junior high school,Employee,2-5yr,Automobile,Owner,Residential areas,Double carriageway (median),Tangent road with flat terrain,Y Shape,Asphalt roads,Dry,Daylight,Normal,Collision with pedestrians,2,1,Going straight,na,na,na,na,Not a Pedestrian,Getting off the vehicle improperly,Slight Injury,afternoon
10713,Friday,31-50,Male,Junior high school,Employee,1-2yr,Automobile,Governmental,  Recreational areas,Two-way (divided with broken lines road marking),Tangent road with flat terrain,Y Shape,Asphalt roads,Dry,Daylight,Normal,Vehicle with vehicle collision,1,1,Going straight,Driver or rider,Male,31-50,3,Not a Pedestrian,No priority to pedestrian,Serious Injury,afternoon
10714,Friday,31-50,Male,Elementary school,Employee,Above 10yr,Lorry (41?100Q),Owner, Church areas,Double carriageway (median),Tangent road with flat terrain,Y Shape,Other,Dry,Darkness - lights lit,Normal,Collision with roadside objects,2,1,Going straight,na,na,na,na,Not a Pedestrian,Changing lane to the left,Slight Injury,afternoon
10715,Friday,Unknown,Male,Junior high school,Employee,2-5yr,Automobile,Owner,Office areas,Undivided Two way,Tangent road with flat terrain,Y Shape,Asphalt roads,Dry,Darkness - lights lit,Normal,Vehicle with vehicle collision,2,1,Going straight,Pedestrian,Female,5,3,Crossing from nearside - masked by parked or statioNot a Pedestrianry vehicle,No distancing,Slight Injury,afternoon
10716,Friday,Unknown,Male,Junior high school,Employee,2-5yr,Other,Owner,Other,Two-way (divided with broken lines road marking),Tangent road with flat terrain,Y Shape,Asphalt roads,Dry,Daylight,Normal,Vehicle with vehicle collision,1,1,Getting off,Driver or rider,Male,31-50,3,Not a Pedestrian,Driving carelessly,Serious Injury,afternoon
10717,Monday,18-30,Male,Junior high school,Employee,2-5yr,Automobile,Owner,Residential areas,other,Steep grade downward with mountainous terrain,Y Shape,Asphalt roads,Dry,Daylight,Normal,Vehicle with vehicle collision,2,1,Going straight,Passenger,Female,5,3,Not a Pedestrian,No distancing,Slight Injury,night
10718,Monday,18-30,Female,Junior high school,Employee,2-5yr,Automobile,Owner,School areas,other,Tangent road with flat terrain,Y Shape,Asphalt roads,Dry,Daylight,Normal,Vehicle with vehicle collision,2,1,Going straight,na,na,na,na,Not a Pedestrian,Changing lane to the right,Slight Injury,night
10719,Monday,18-30,Female,Elementary school,Employee,2-5yr,Automobile,Owner,Office areas,Two-way (divided with broken lines road marking),Tangent road with flat terrain,Y Shape,Asphalt roads,Dry,Daylight,Normal,Vehicle with vehicle collision,1,1,Going straight,Pedestrian,Female,18-30,2,Not a Pedestrian,Overtaking,Slight Injury,night
10720,Tuesday,31-50,Male,Junior high school,Employee,2-5yr,Automobile,Owner,Other,other,Tangent road with flat terrain,Y Shape,Asphalt roads,Wet or damp,Daylight,Normal,Vehicle with vehicle collision,2,1,Reversing,na,na,na,na,Not a Pedestrian,Driving carelessly,Slight Injury,afternoon
10721,Thursday,31-50,Male,Elementary school,Employee,5-10yr,Lorry (41?100Q),Owner,Other,Two-way (divided with broken lines road marking),Tangent road with flat terrain,Y Shape,Asphalt roads,Wet or damp,Daylight,Normal,Vehicle with vehicle collision,2,1,Turnover,Driver or rider,Male,31-50,3,Not a Pedestrian,Moving Backward,Slight Injury,night
10722,Thursday,31-50,Male,Elementary school,Employee,2-5yr,Other,Organization,Office areas,Two-way (divided with broken lines road marking),Tangent road with mountainous terrain and,Y Shape,Earth roads,Dry,Daylight,Normal,Vehicle with vehicle collision,2,1,Going straight,Pedestrian,Female,31-50,2,Not a Pedestrian,No distancing,Serious Injury,night
10723,Sunday,31-50,Male,Junior high school,Employee,Above 10yr,Pick up upto 10Q,Owner,Office areas,Two-way (divided with broken lines road marking),Tangent road with flat terrain,Y Shape,Asphalt roads,Dry,Daylight,Normal,Vehicle with vehicle collision,2,1,Going straight,Driver or rider,Female,18-30,3,Not a Pedestrian,Overtaking,Serious Injury,afternoon
10724,Sunday,31-50,Male,Junior high school,Employee,Above 10yr,Stationwagen,Owner,Other,Undivided Two way,Tangent road with flat terrain,Y Shape,Asphalt roads,Dry,Daylight,Normal,Collision with roadside objects,2,1,Going straight,Passenger,Male,5,3,Not a Pedestrian,Driving carelessly,Serious Injury,afternoon
10725,Sunday,31-50,Male,High school,Employee,Above 10yr,Other,Owner,Office areas,Two-way (divided with broken lines road marking),Tangent road with flat terrain,Y Shape,Asphalt roads,Dry,Daylight,Normal,Vehicle with vehicle collision,2,1,Going straight,Driver or rider,Male,31-50,3,Not a Pedestrian,Driving carelessly,Serious Injury,afternoon
10726,Tuesday,31-50,Male,Junior high school,Employee,5-10yr,Pick up upto 10Q,Owner, Industrial areas,Two-way (divided with broken lines road marking),Tangent road with flat terrain,Y Shape,Asphalt roads,Dry,Daylight,Normal,Collision with roadside objects,2,1,Getting off,Pedestrian,Female,31-50,3,Not a Pedestrian,Moving Backward,Serious Injury,afternoon
10727,Tuesday,31-50,Male,Junior high school,Owner,2-5yr,Stationwagen,Owner,Office areas,Undivided Two way,Tangent road with flat terrain,Y Shape,Asphalt roads,Dry,Daylight,Normal,Vehicle with vehicle collision,2,1,Going straight,na,na,na,na,Not a Pedestrian,Driving carelessly,Serious Injury,afternoon
10728,Monday,31-50,Male,Elementary school,Employee,1-2yr,Lorry (41?100Q),Owner,Other,Undivided Two way,Tangent road with flat terrain,Y Shape,Asphalt roads,Dry,Daylight,Normal,Vehicle with vehicle collision,2,2,Going straight,Driver or rider,Male,18-30,3,Not a Pedestrian,Driving to the left,Slight Injury,afternoon
10729,Wednesday,18-30,Male,Junior high school,Employee,2-5yr,Automobile,Owner,Other,Two-way (divided with broken lines road marking),Tangent road with flat terrain,Y Shape,Asphalt roads,Dry,Daylight,Normal,Vehicle with vehicle collision,2,2,Going straight,Driver or rider,Male,18-30,3,Not a Pedestrian,Changing lane to the left,Slight Injury,evening
10730,Tuesday,18-30,Male,Junior high school,Employee,5-10yr,Automobile,Owner,Office areas,Two-way (divided with broken lines road marking),Tangent road with flat terrain,Y Shape,Asphalt roads,Dry,Daylight,Normal,Collision with pedestrians,2,2,Going straight,Passenger,Male,18-30,3,Not a Pedestrian,No distancing,Slight Injury,evening
10731,Tuesday,18-30,Female,Junior high school,Employee,5-10yr,Automobile,Owner, Church areas,Two-way (divided with broken lines road marking),Tangent road with flat terrain,Y Shape,Asphalt roads,Wet or damp,Daylight,Normal,Vehicle with vehicle collision,2,2,Going straight,Passenger,Male,18-30,3,Not a Pedestrian,No distancing,Slight Injury,evening
10732,Tuesday,31-50,Male,Elementary school,Owner,5-10yr,Automobile,Owner,Office areas,other,Tangent road with flat terrain,Y Shape,Asphalt roads,Wet or damp,Daylight,Normal,Vehicle with vehicle collision,2,2,Going straight,Passenger,Male,Under 18,3,Not a Pedestrian,Changing lane to the right,Slight Injury,evening
10733,Tuesday,Over 51,Male,High school,Other,Above 10yr,Turbo,Owner,Residential areas,other,Tangent road with flat terrain,Y Shape,Asphalt roads,Wet or damp,Daylight,Normal,Vehicle with vehicle collision,2,2,Going straight,Passenger,Male,Under 18,3,Not a Pedestrian,Driving under the influence of drugs,Slight Injury,evening
10734,Saturday,31-50,Male,Junior high school,Employee,Above 10yr,Automobile,Owner,  Recreational areas,Two-way (divided with broken lines road marking),Tangent road with flat terrain,Y Shape,Asphalt roads,Dry,Daylight,Normal,Collision with pedestrians,2,1,Going straight,na,na,na,na,Not a Pedestrian,Changing lane to the right,Slight Injury,evening
10735,Saturday,31-50,Female,Junior high school,Employee,1-2yr,Stationwagen,Governmental,Other,other,Tangent road with flat terrain,Y Shape,Asphalt roads,Dry,Daylight,Normal,Collision with roadside objects,2,1,Going straight,na,na,na,na,Not a Pedestrian,Changing lane to the left,Slight Injury,evening
10736,Friday,18-30,Male,High school,Owner,5-10yr,Automobile,Owner, Church areas,Undivided Two way,Tangent road with flat terrain,Y Shape,Asphalt roads,Dry,Daylight,Normal,Vehicle with vehicle collision,2,1,Going straight,Pedestrian,Male,18-30,3,"In carriageway, statioNot a Pedestrianry - not crossing  (standing or playing)",Moving Backward,Slight Injury,afternoon
10737,Friday,18-30,Male,Junior high school,Employee,2-5yr,Automobile,Owner,Other,One way,Tangent road with flat terrain,Y Shape,Asphalt roads,Dry,Daylight,Normal,Vehicle with vehicle collision,2,1,Reversing,Driver or rider,Male,18-30,3,Not a Pedestrian,No distancing,Slight Injury,afternoon
10738,Monday,18-30,Male,Junior high school,Employee,5-10yr,Automobile,Owner,Other,Two-way (divided with broken lines road marking),Tangent road with flat terrain,Y Shape,Earth roads,Dry,Daylight,Normal,Vehicle with vehicle collision,2,1,Going straight,na,na,na,na,Not a Pedestrian,Changing lane to the right,Serious Injury,afternoon
10739,Monday,18-30,Male,Junior high school,Employee,2-5yr,Pick up upto 10Q,Owner, Church areas,Undivided Two way,Tangent road with flat terrain,Y Shape,Asphalt roads,Dry,Daylight,Normal,Vehicle with vehicle collision,2,1,Turnover,Pedestrian,Male,Over 51,3,Not a Pedestrian,Moving Backward,Serious Injury,afternoon
10740,Monday,Over 51,Male,Junior high school,Employee,Above 10yr,Lorry (41?100Q),Owner,Office areas,Two-way (divided with broken lines road marking),Tangent road with mild grade and flat terrain,Y Shape,Asphalt roads,Dry,Daylight,Normal,Vehicle with vehicle collision,2,1,Going straight,Driver or rider,Male,18-30,3,Not a Pedestrian,No distancing,Serious Injury,afternoon
10741,Monday,Over 51,Male,Elementary school,Employee,5-10yr,Lorry (41?100Q),Owner,Office areas,Double carriageway (median),Tangent road with flat terrain,Y Shape,Asphalt roads,Dry,Daylight,Normal,Vehicle with vehicle collision,2,1,Going straight,na,na,na,na,Not a Pedestrian,Driving to the left,Serious Injury,afternoon
10742,Thursday,18-30,Female,Junior high school,Employee,5-10yr,Automobile,Organization, Church areas,Two-way (divided with broken lines road marking),Tangent road with flat terrain,Y Shape,Asphalt roads,Wet or damp,Daylight,Raining,Vehicle with vehicle collision,3,2,Going straight,Driver or rider,Female,Over 51,3,Not a Pedestrian,Driving to the left,Serious Injury,morning
10743,Wednesday,31-50,Female,Above high school,Employee,1-2yr,Lorry (41?100Q),Organization,Other,Undivided Two way,Tangent road with mountainous terrain and,Y Shape,Asphalt roads,Wet or damp,Daylight,Raining,Collision with roadside objects,3,2,Going straight,na,na,na,na,Not a Pedestrian,Moving Backward,Serious Injury,afternoon
10744,Saturday,18-30,Male,Elementary school,Employee,Above 10yr,Lorry (41?100Q),Owner,Other,Undivided Two way,Tangent road with flat terrain,Y Shape,Asphalt roads,Wet or damp,Daylight,Raining,Collision with roadside objects,3,2,Reversing,Passenger,Female,18-30,3,Not a Pedestrian,Moving Backward,Serious Injury,evening
10745,Saturday,18-30,Female,Elementary school,Employee,5-10yr,Lorry (41?100Q),Owner, Church areas,Undivided Two way,Tangent road with flat terrain,Y Shape,Asphalt roads,Dry,Daylight,Normal,Vehicle with vehicle collision,1,1,Going straight,Driver or rider,Female,18-30,3,Not a Pedestrian,Overtaking,Serious Injury,evening
10746,Monday,18-30,Female,Elementary school,Employee,2-5yr,Lorry (41?100Q),Owner, Industrial areas,Two-way (divided with broken lines road marking),Tangent road with mild grade and flat terrain,Y Shape,Asphalt roads,Dry,Daylight,Normal,Vehicle with vehicle collision,2,1,Turnover,na,na,na,na,Not a Pedestrian,Driving carelessly,Slight Injury,morning
10747,Monday,31-50,Male,Elementary school,Employee,2-5yr,Automobile,Owner,Office areas,Undivided Two way,Tangent road with flat terrain,Y Shape,Asphalt roads,Dry,Daylight,Normal,Vehicle with vehicle collision,2,1,Going straight,Pedestrian,Female,Over 51,3,Unknown or other,Changing lane to the left,Slight Injury,morning
10748,Saturday,18-30,Male,Junior high school,Employee,5-10yr,Automobile,Owner,School areas,Undivided Two way,Tangent road with flat terrain,Y Shape,Asphalt roads,Wet or damp,Daylight,Normal,Vehicle with vehicle collision,2,1,Going straight,na,na,na,na,Not a Pedestrian,Driving under the influence of drugs,Slight Injury,evening
10749,Saturday,31-50,Male,Junior high school,Employee,1-2yr,Automobile,Owner,Other,Undivided Two way,Tangent road with flat terrain,Y Shape,Asphalt roads,Wet or damp,Daylight,Normal,Vehicle with vehicle collision,2,1,Going straight,Driver or rider,Female,31-50,3,Not a Pedestrian,No distancing,Slight Injury,evening
10750,Tuesday,18-30,Male,Junior high school,Employee,5-10yr,Public (13?45 seats),Owner, Church areas,One way,Tangent road with flat terrain,Y Shape,Gravel roads,Dry,Darkness - lights unlit,Normal,Rollover,2,1,Going straight,na,na,na,na,Not a Pedestrian,Moving Backward,Slight Injury,night
10751,Saturday,31-50,Male,Junior high school,Employee,5-10yr,Automobile,Owner,Office areas,Undivided Two way,Tangent road with flat terrain,Y Shape,Asphalt roads,Dry,Darkness - lights unlit,Normal,Vehicle with vehicle collision,2,1,Going straight,Driver or rider,Male,18-30,3,Not a Pedestrian,Changing lane to the left,Slight Injury,afternoon
10752,Saturday,18-30,Male,Above high school,Employee,5-10yr,Public (13?45 seats),Owner,Other,other,Steep grade downward with mountainous terrain,Y Shape,Asphalt roads,Wet or damp,Darkness - lights lit,Normal,Collision with roadside objects,2,1,Getting off,Pedestrian,Female,Under 18,3,Crossing from nearside - masked by parked or statioNot a Pedestrianry vehicle,Changing lane to the right,Slight Injury,afternoon
10753,Friday,Over 51,Male,Junior high school,Employee,Above 10yr,Public (13?45 seats),Owner,Other,other,Tangent road with flat terrain,Y Shape,Asphalt roads,Wet or damp,Darkness - lights lit,Normal,Collision with pedestrians,2,1,Moving Backward,Pedestrian,Female,31-50,3,Crossing from nearside - masked by parked or statioNot a Pedestrianry vehicle,No distancing,Slight Injury,afternoon
10754,Tuesday,Over 51,Male,Elementary school,Employee,2-5yr,Automobile,Owner,Other,Two-way (divided with broken lines road marking),Tangent road with flat terrain,Y Shape,Asphalt roads,Dry,Darkness - lights lit,Normal,Vehicle with vehicle collision,1,2,Going straight,Driver or rider,Female,18-30,3,Not a Pedestrian,Driving at high speed,Slight Injury,afternoon
10755,Tuesday,Over 51,Male,Junior high school,Employee,5-10yr,Lorry (11?40Q),Owner,Other,One way,Tangent road with flat terrain,Y Shape,Asphalt roads,Dry,Darkness - lights lit,Normal,Vehicle with vehicle collision,1,2,Turnover,na,na,na,na,Not a Pedestrian,Changing lane to the right,Slight Injury,afternoon
10756,Saturday,31-50,Male,Junior high school,Employee,5-10yr,Automobile,Owner, Church areas,Two-way (divided with broken lines road marking),Tangent road with mild grade and flat terrain,Y Shape,Asphalt roads,Dry,Daylight,Normal,Vehicle with vehicle collision,2,1,Going straight,Pedestrian,Female,18-30,3,Crossing from nearside - masked by parked or statioNot a Pedestrianry vehicle,No priority to vehicle,Serious Injury,afternoon
10757,Saturday,31-50,Male,Junior high school,Employee,5-10yr,Lorry (41?100Q),Governmental,Residential areas,Two-way (divided with broken lines road marking),Tangent road with flat terrain,Y Shape,Asphalt roads,Dry,Daylight,Normal,Vehicle with vehicle collision,2,1,Going straight,Driver or rider,Female,18-30,3,Not a Pedestrian,No distancing,Serious Injury,afternoon
10758,Saturday,18-30,Male,Junior high school,Employee,5-10yr,Other,Owner,Office areas,Two-way (divided with broken lines road marking),Tangent road with mild grade and flat terrain,Y Shape,Asphalt roads,Wet or damp,Darkness - lights lit,Normal,Vehicle with vehicle collision,1,1,Going straight,na,na,na,na,Not a Pedestrian,Turnover,Serious Injury,afternoon
10759,Monday,31-50,Male,Junior high school,Employee,5-10yr,Pick up upto 10Q,Owner,Other,Two-way (divided with broken lines road marking),Tangent road with flat terrain,Y Shape,Asphalt roads,Dry,Daylight,Normal,Vehicle with vehicle collision,2,2,Going straight,Driver or rider,Male,18-30,3,Not a Pedestrian,No distancing,Slight Injury,afternoon
10760,Monday,Over 51,Male,Junior high school,Employee,1-2yr,Lorry (11?40Q),Owner,Office areas,Two-way (divided with broken lines road marking),Tangent road with mild grade and flat terrain,Y Shape,Asphalt roads,Dry,Daylight,Normal,Vehicle with vehicle collision,2,2,Going straight,Pedestrian,Female,Under 18,3,Crossing from nearside - masked by parked or statioNot a Pedestrianry vehicle,Changing lane to the right,Slight Injury,afternoon
10761,Thursday,18-30,Male,Above high school,Owner,5-10yr,Motorcycle,Owner,Other,Two-way (divided with broken lines road marking),Tangent road with flat terrain,Y Shape,Asphalt roads,Dry,Daylight,Normal,Collision with roadside objects,2,2,Going straight,Pedestrian,Male,Over 51,2,Not a Pedestrian,No distancing,Slight Injury,afternoon
10762,Wednesday,18-30,Male,Junior high school,Employee,2-5yr,Pick up upto 10Q,Owner, Church areas,Undivided Two way,Tangent road with flat terrain,Y Shape,Asphalt roads,Dry,Darkness - lights lit,Normal,Rollover,2,3,Turnover,Pedestrian,Male,Under 18,3,Not a Pedestrian,Changing lane to the left,Serious Injury,evening
10763,Wednesday,31-50,Male,Junior high school,Owner,5-10yr,Lorry (11?40Q),Owner,Office areas,Two-way (divided with broken lines road marking),Tangent road with flat terrain,Y Shape,Asphalt roads,Dry,Darkness - lights lit,Normal,Vehicle with vehicle collision,2,3,Turnover,na,na,na,na,Not a Pedestrian,Driving carelessly,Serious Injury,evening
10764,Tuesday,31-50,Male,High school,Employee,2-5yr,Lorry (11?40Q),Owner,Other,Two-way (divided with broken lines road marking),Tangent road with flat terrain,Y Shape,Asphalt roads,Dry,Darkness - lights lit,Normal,Collision with pedestrians,2,3,Going straight,Driver or rider,Male,18-30,3,Not a Pedestrian,Changing lane to the right,Serious Injury,evening
10765,Friday,31-50,Female,Junior high school,Employee,Above 10yr,Automobile,Owner,Other,Two-way (divided with broken lines road marking),Tangent road with flat terrain,Y Shape,Asphalt roads,Dry,Darkness - lights lit,Normal,Vehicle with vehicle collision,2,3,Getting off,na,na,na,na,Not a Pedestrian,No priority to vehicle,Serious Injury,evening
10766,Friday,31-50,Male,Junior high school,Employee,Below 1yr,Automobile,Owner,School areas,Two-way (divided with broken lines road marking),Tangent road with flat terrain,Y Shape,Asphalt roads,Dry,Daylight,Normal,Vehicle with vehicle collision,1,1,Getting off,Driver or rider,Male,31-50,3,Not a Pedestrian,No distancing,Slight Injury,evening
10767,Friday,31-50,Male,Junior high school,Employee,Below 1yr,Other,Owner, Church areas,Double carriageway (median),Tangent road with mild grade and flat terrain,Y Shape,Asphalt roads,Dry,Darkness - lights lit,Normal,Collision with pedestrians,1,1,Going straight,na,na,na,na,Not a Pedestrian,No priority to pedestrian,Slight Injury,afternoon
10768,Friday,18-30,Male,Junior high school,Owner,5-10yr,Other,Owner,School areas,Undivided Two way,Tangent road with flat terrain,Y Shape,Other,Dry,Daylight,Normal,Collision with pedestrians,2,1,Overtaking,Driver or rider,Male,Under 18,3,Not a Pedestrian,No priority to pedestrian,Slight Injury,morning
10769,Friday,18-30,Male,Junior high school,Employee,2-5yr,Automobile,Owner,Residential areas,Double carriageway (median),Tangent road with flat terrain,Y Shape,Asphalt roads,Dry,Daylight,Normal,Vehicle with vehicle collision,2,1,Reversing,Driver or rider,Male,18-30,3,Not a Pedestrian,No priority to vehicle,Slight Injury,morning
10770,Friday,18-30,Male,Junior high school,Employee,5-10yr,Taxi,Owner,Office areas,Two-way (divided with broken lines road marking),Tangent road with flat terrain,Y Shape,Asphalt roads,Dry,Darkness - lights lit,Normal,Vehicle with vehicle collision,2,1,Going straight,na,na,na,na,Not a Pedestrian,Changing lane to the left,Slight Injury,evening
10771,Friday,31-50,Male,Elementary school,Employee,No Licence,Other,Owner,Office areas,Undivided Two way,Tangent road with flat terrain,Y Shape,Asphalt roads,Dry,Darkness - lights lit,Normal,Vehicle with vehicle collision,2,1,Getting off,na,na,na,na,Not a Pedestrian,Changing lane to the left,Slight Injury,evening
10772,Friday,18-30,Male,Junior high school,Employee,Above 10yr,Taxi,Governmental, Church areas,Two-way (divided with broken lines road marking),Tangent road with flat terrain,Y Shape,Asphalt roads,Dry,Darkness - lights lit,Normal,Vehicle with vehicle collision,2,1,Getting off,Driver or rider,Male,18-30,3,Not a Pedestrian,No distancing,Slight Injury,evening
10773,Friday,31-50,Male,Junior high school,Owner,Above 10yr,Lorry (11?40Q),Owner,Residential areas,Undivided Two way,Tangent road with flat terrain,Y Shape,Asphalt roads,Dry,Darkness - lights lit,Normal,Vehicle with vehicle collision,2,1,Reversing,Pedestrian,Male,31-50,3,Not a Pedestrian,No priority to vehicle,Slight Injury,morning
10774,Friday,18-30,Male,Junior high school,Employee,Above 10yr,Automobile,Owner,Office areas,other,Tangent road with flat terrain,Y Shape,Asphalt roads,Dry,Darkness - lights lit,Normal,Collision with roadside objects,1,1,Turnover,Driver or rider,Male,Under 18,3,Not a Pedestrian,No distancing,Slight Injury,morning
10775,Wednesday,31-50,Male,Junior high school,Employee,Above 10yr,Other,Owner,Residential areas,One way,Tangent road with flat terrain,Y Shape,Asphalt roads,Wet or damp,Darkness - lights lit,Raining,Vehicle with vehicle collision,2,1,Moving Backward,na,na,na,na,Not a Pedestrian,No distancing,Slight Injury,afternoon
10776,Sunday,Unknown,Male,Junior high school,Owner,5-10yr,Automobile,Owner,Other,Two-way (divided with broken lines road marking),Tangent road with flat terrain,Y Shape,Asphalt roads,Wet or damp,Darkness - lights lit,Raining,Vehicle with vehicle collision,2,1,Going straight,na,na,na,na,Not a Pedestrian,Changing lane to the right,Slight Injury,evening
10777,Sunday,Over 51,Male,Junior high school,Employee,Below 1yr,Automobile,Governmental,Other,Two-way (divided with broken lines road marking),Tangent road with flat terrain,Y Shape,Asphalt roads,Dry,Daylight,Normal,Vehicle with vehicle collision,2,1,Going straight,Driver or rider,Female,18-30,3,Not a Pedestrian,Changing lane to the left,Slight Injury,afternoon
10778,Sunday,18-30,Male,Junior high school,Employee,2-5yr,Automobile,Owner,Residential areas,Two-way (divided with broken lines road marking),Tangent road with flat terrain,Y Shape,Asphalt roads,Dry,Daylight,Normal,Vehicle with vehicle collision,2,1,Going straight,na,na,na,na,Not a Pedestrian,No distancing,Slight Injury,afternoon
10779,Sunday,18-30,Male,Junior high school,Employee,5-10yr,Automobile,Owner, Industrial areas,Undivided Two way,Tangent road with flat terrain,Y Shape,Earth roads,Dry,Daylight,Normal,Vehicle with vehicle collision,2,1,Going straight,Driver or rider,Male,18-30,2,Not a Pedestrian,Overturning,Slight Injury,afternoon